[{"pk": 103, "model": "auth.permission", "fields": {"codename": "add_logentry", "name": "Can add log entry", "content_type": 10}}, {"pk": 28, "model": "auth.permission", "fields": {"codename": "add_story", "name": "Can add story", "content_type": 10}}, {"pk": 104, "model": "auth.permission", "fields": {"codename": "change_logentry", "name": "Can change log entry", "content_type": 10}}, {"pk": 29, "model": "auth.permission", "fields": {"codename": "change_story", "name": "Can change story", "content_type": 10}}, {"pk": 105, "model": "auth.permission", "fields": {"codename": "delete_logentry", "name": "Can delete log entry", "content_type": 10}}, {"pk": 30, "model": "auth.permission", "fields": {"codename": "delete_story", "name": "Can delete story", "content_type": 10}}, {"pk": 4, "model": "auth.permission", "fields": {"codename": "add_group", "name": "Can add group", "content_type": 2}}, {"pk": 5, "model": "auth.permission", "fields": {"codename": "change_group", "name": "Can change group", "content_type": 2}}, {"pk": 6, "model": "auth.permission", "fields": {"codename": "delete_group", "name": "Can delete group", "content_type": 2}}, {"pk": 1, "model": "auth.permission", "fields": {"codename": "add_permission", "name": "Can add permission", "content_type": 1}}, {"pk": 2, "model": "auth.permission", "fields": {"codename": "change_permission", "name": "Can change permission", "content_type": 1}}, {"pk": 3, "model": "auth.permission", "fields": {"codename": "delete_permission", "name": "Can delete permission", "content_type": 1}}, {"pk": 7, "model": "auth.permission", "fields": {"codename": "add_user", "name": "Can add user", "content_type": 3}}, {"pk": 8, "model": "auth.permission", "fields": {"codename": "change_user", "name": "Can change user", "content_type": 3}}, {"pk": 9, "model": "auth.permission", "fields": {"codename": "delete_user", "name": "Can delete user", "content_type": 3}}, {"pk": 82, "model": "auth.permission", "fields": {"codename": "add_usersocialauth", "name": "Can add user social auth", "content_type": 28}}, {"pk": 83, "model": "auth.permission", "fields": {"codename": "change_usersocialauth", "name": "Can change user social auth", "content_type": 28}}, {"pk": 84, "model": "auth.permission", "fields": {"codename": "delete_usersocialauth", "name": "Can delete user social auth", "content_type": 28}}, {"pk": 79, "model": "auth.permission", "fields": {"codename": "add_bibliocommonslink", "name": "Can add bibliocommons link", "content_type": 27}}, {"pk": 80, "model": "auth.permission", "fields": {"codename": "change_bibliocommonslink", "name": "Can change bibliocommons link", "content_type": 27}}, {"pk": 81, "model": "auth.permission", "fields": {"codename": "delete_bibliocommonslink", "name": "Can delete bibliocommons link", "content_type": 27}}, {"pk": 10, "model": "auth.permission", "fields": {"codename": "add_contenttype", "name": "Can add content type", "content_type": 4}}, {"pk": 11, "model": "auth.permission", "fields": {"codename": "change_contenttype", "name": "Can change content type", "content_type": 4}}, {"pk": 12, "model": "auth.permission", "fields": {"codename": "delete_contenttype", "name": "Can delete content type", "content_type": 4}}, {"pk": 76, "model": "auth.permission", "fields": {"codename": "add_association", "name": "Can add association", "content_type": 26}}, {"pk": 77, "model": "auth.permission", "fields": {"codename": "change_association", "name": "Can change association", "content_type": 26}}, {"pk": 78, "model": "auth.permission", "fields": {"codename": "delete_association", "name": "Can delete association", "content_type": 26}}, {"pk": 58, "model": "auth.permission", "fields": {"codename": "add_userprofile", "name": "Can add user profile", "content_type": 20}}, {"pk": 59, "model": "auth.permission", "fields": {"codename": "change_userprofile", "name": "Can change user profile", "content_type": 20}}, {"pk": 60, "model": "auth.permission", "fields": {"codename": "delete_userprofile", "name": "Can delete user profile", "content_type": 20}}, {"pk": 55, "model": "auth.permission", "fields": {"codename": "add_useraction", "name": "Can add user action", "content_type": 19}}, {"pk": 56, "model": "auth.permission", "fields": {"codename": "change_useraction", "name": "Can change user action", "content_type": 19}}, {"pk": 57, "model": "auth.permission", "fields": {"codename": "delete_useraction", "name": "Can delete user action", "content_type": 19}}, {"pk": 61, "model": "auth.permission", "fields": {"codename": "add_bibliocommonslink", "name": "Can add bibliocommons link", "content_type": 21}}, {"pk": 62, "model": "auth.permission", "fields": {"codename": "change_bibliocommonslink", "name": "Can change bibliocommons link", "content_type": 21}}, {"pk": 63, "model": "auth.permission", "fields": {"codename": "delete_bibliocommonslink", "name": "Can delete bibliocommons link", "content_type": 21}}, {"pk": 64, "model": "auth.permission", "fields": {"codename": "add_usersocialauth", "name": "Can add user social auth", "content_type": 22}}, {"pk": 65, "model": "auth.permission", "fields": {"codename": "change_usersocialauth", "name": "Can change user social auth", "content_type": 22}}, {"pk": 66, "model": "auth.permission", "fields": {"codename": "delete_usersocialauth", "name": "Can delete user social auth", "content_type": 22}}, {"pk": 70, "model": "auth.permission", "fields": {"codename": "add_association", "name": "Can add association", "content_type": 24}}, {"pk": 71, "model": "auth.permission", "fields": {"codename": "change_association", "name": "Can change association", "content_type": 24}}, {"pk": 72, "model": "auth.permission", "fields": {"codename": "delete_association", "name": "Can delete association", "content_type": 24}}, {"pk": 73, "model": "auth.permission", "fields": {"codename": "add_nonce", "name": "Can add nonce", "content_type": 25}}, {"pk": 74, "model": "auth.permission", "fields": {"codename": "change_nonce", "name": "Can change nonce", "content_type": 25}}, {"pk": 75, "model": "auth.permission", "fields": {"codename": "delete_nonce", "name": "Can delete nonce", "content_type": 25}}, {"pk": 67, "model": "auth.permission", "fields": {"codename": "add_nonce", "name": "Can add nonce", "content_type": 23}}, {"pk": 68, "model": "auth.permission", "fields": {"codename": "change_nonce", "name": "Can change nonce", "content_type": 23}}, {"pk": 69, "model": "auth.permission", "fields": {"codename": "delete_nonce", "name": "Can delete nonce", "content_type": 23}}, {"pk": 19, "model": "auth.permission", "fields": {"codename": "add_migrationhistory", "name": "Can add migration history", "content_type": 7}}, {"pk": 94, "model": "auth.permission", "fields": {"codename": "add_preferences", "name": "Can add preferences", "content_type": 7}}, {"pk": 20, "model": "auth.permission", "fields": {"codename": "change_migrationhistory", "name": "Can change migration history", "content_type": 7}}, {"pk": 95, "model": "auth.permission", "fields": {"codename": "change_preferences", "name": "Can change preferences", "content_type": 7}}, {"pk": 21, "model": "auth.permission", "fields": {"codename": "delete_migrationhistory", "name": "Can delete migration history", "content_type": 7}}, {"pk": 96, "model": "auth.permission", "fields": {"codename": "delete_preferences", "name": "Can delete preferences", "content_type": 7}}, {"pk": 22, "model": "auth.permission", "fields": {"codename": "add_logentry", "name": "Can add log entry", "content_type": 8}}, {"pk": 97, "model": "auth.permission", "fields": {"codename": "add_timemappreferences", "name": "Can add timemap preferences", "content_type": 8}}, {"pk": 23, "model": "auth.permission", "fields": {"codename": "change_logentry", "name": "Can change log entry", "content_type": 8}}, {"pk": 98, "model": "auth.permission", "fields": {"codename": "change_timemappreferences", "name": "Can change timemap preferences", "content_type": 8}}, {"pk": 24, "model": "auth.permission", "fields": {"codename": "delete_logentry", "name": "Can delete log entry", "content_type": 8}}, {"pk": 99, "model": "auth.permission", "fields": {"codename": "delete_timemappreferences", "name": "Can delete timemap preferences", "content_type": 8}}, {"pk": 13, "model": "auth.permission", "fields": {"codename": "add_session", "name": "Can add session", "content_type": 5}}, {"pk": 14, "model": "auth.permission", "fields": {"codename": "change_session", "name": "Can change session", "content_type": 5}}, {"pk": 15, "model": "auth.permission", "fields": {"codename": "delete_session", "name": "Can delete session", "content_type": 5}}, {"pk": 16, "model": "auth.permission", "fields": {"codename": "add_site", "name": "Can add site", "content_type": 6}}, {"pk": 17, "model": "auth.permission", "fields": {"codename": "change_site", "name": "Can change site", "content_type": 6}}, {"pk": 18, "model": "auth.permission", "fields": {"codename": "delete_site", "name": "Can delete site", "content_type": 6}}, {"pk": 91, "model": "auth.permission", "fields": {"codename": "add_association", "name": "Can add association", "content_type": 31}}, {"pk": 92, "model": "auth.permission", "fields": {"codename": "change_association", "name": "Can change association", "content_type": 31}}, {"pk": 93, "model": "auth.permission", "fields": {"codename": "delete_association", "name": "Can delete association", "content_type": 31}}, {"pk": 88, "model": "auth.permission", "fields": {"codename": "add_association", "name": "Can add association", "content_type": 30}}, {"pk": 89, "model": "auth.permission", "fields": {"codename": "change_association", "name": "Can change association", "content_type": 30}}, {"pk": 90, "model": "auth.permission", "fields": {"codename": "delete_association", "name": "Can delete association", "content_type": 30}}, {"pk": 85, "model": "auth.permission", "fields": {"codename": "add_nonce", "name": "Can add nonce", "content_type": 29}}, {"pk": 86, "model": "auth.permission", "fields": {"codename": "change_nonce", "name": "Can change nonce", "content_type": 29}}, {"pk": 87, "model": "auth.permission", "fields": {"codename": "delete_nonce", "name": "Can delete nonce", "content_type": 29}}, {"pk": 25, "model": "auth.permission", "fields": {"codename": "add_branch", "name": "Can add branch", "content_type": 9}}, {"pk": 100, "model": "auth.permission", "fields": {"codename": "add_migrationhistory", "name": "Can add migration history", "content_type": 9}}, {"pk": 26, "model": "auth.permission", "fields": {"codename": "change_branch", "name": "Can change branch", "content_type": 9}}, {"pk": 101, "model": "auth.permission", "fields": {"codename": "change_migrationhistory", "name": "Can change migration history", "content_type": 9}}, {"pk": 27, "model": "auth.permission", "fields": {"codename": "delete_branch", "name": "Can delete branch", "content_type": 9}}, {"pk": 102, "model": "auth.permission", "fields": {"codename": "delete_migrationhistory", "name": "Can delete migration history", "content_type": 9}}, {"pk": 31, "model": "auth.permission", "fields": {"codename": "add_map", "name": "Can add map", "content_type": 11}}, {"pk": 106, "model": "auth.permission", "fields": {"codename": "add_tag", "name": "Can add Tag", "content_type": 11}}, {"pk": 32, "model": "auth.permission", "fields": {"codename": "change_map", "name": "Can change map", "content_type": 11}}, {"pk": 107, "model": "auth.permission", "fields": {"codename": "change_tag", "name": "Can change Tag", "content_type": 11}}, {"pk": 33, "model": "auth.permission", "fields": {"codename": "delete_map", "name": "Can delete map", "content_type": 11}}, {"pk": 108, "model": "auth.permission", "fields": {"codename": "delete_tag", "name": "Can delete Tag", "content_type": 11}}, {"pk": 34, "model": "auth.permission", "fields": {"codename": "add_apiaccess", "name": "Can add api access", "content_type": 12}}, {"pk": 109, "model": "auth.permission", "fields": {"codename": "add_taggeditem", "name": "Can add Tagged Item", "content_type": 12}}, {"pk": 35, "model": "auth.permission", "fields": {"codename": "change_apiaccess", "name": "Can change api access", "content_type": 12}}, {"pk": 110, "model": "auth.permission", "fields": {"codename": "change_taggeditem", "name": "Can change Tagged Item", "content_type": 12}}, {"pk": 36, "model": "auth.permission", "fields": {"codename": "delete_apiaccess", "name": "Can delete api access", "content_type": 12}}, {"pk": 111, "model": "auth.permission", "fields": {"codename": "delete_taggeditem", "name": "Can delete Tagged Item", "content_type": 12}}, {"pk": 49, "model": "auth.permission", "fields": {"codename": "add_task", "name": "Can add task", "content_type": 17}}, {"pk": 50, "model": "auth.permission", "fields": {"codename": "change_task", "name": "Can change task", "content_type": 17}}, {"pk": 51, "model": "auth.permission", "fields": {"codename": "delete_task", "name": "Can delete task", "content_type": 17}}, {"pk": 52, "model": "auth.permission", "fields": {"codename": "add_taskcode", "name": "Can add task code", "content_type": 18}}, {"pk": 53, "model": "auth.permission", "fields": {"codename": "change_taskcode", "name": "Can change task code", "content_type": 18}}, {"pk": 54, "model": "auth.permission", "fields": {"codename": "delete_taskcode", "name": "Can delete task code", "content_type": 18}}, {"pk": 37, "model": "auth.permission", "fields": {"codename": "add_apikey", "name": "Can add api key", "content_type": 13}}, {"pk": 38, "model": "auth.permission", "fields": {"codename": "change_apikey", "name": "Can change api key", "content_type": 13}}, {"pk": 39, "model": "auth.permission", "fields": {"codename": "delete_apikey", "name": "Can delete api key", "content_type": 13}}, {"pk": 46, "model": "auth.permission", "fields": {"codename": "add_quest", "name": "Can add quest", "content_type": 16}}, {"pk": 47, "model": "auth.permission", "fields": {"codename": "change_quest", "name": "Can change quest", "content_type": 16}}, {"pk": 48, "model": "auth.permission", "fields": {"codename": "delete_quest", "name": "Can delete quest", "content_type": 16}}, {"pk": 43, "model": "auth.permission", "fields": {"codename": "add_apikey", "name": "Can add api key", "content_type": 15}}, {"pk": 44, "model": "auth.permission", "fields": {"codename": "change_apikey", "name": "Can change api key", "content_type": 15}}, {"pk": 45, "model": "auth.permission", "fields": {"codename": "delete_apikey", "name": "Can delete api key", "content_type": 15}}, {"pk": 40, "model": "auth.permission", "fields": {"codename": "add_apiaccess", "name": "Can add api access", "content_type": 14}}, {"pk": 41, "model": "auth.permission", "fields": {"codename": "change_apiaccess", "name": "Can change api access", "content_type": 14}}, {"pk": 42, "model": "auth.permission", "fields": {"codename": "delete_apiaccess", "name": "Can delete api access", "content_type": 14}}, {"pk": 1, "model": "auth.user", "fields": {"username": "admin", "first_name": "", "last_name": "", "is_active": true, "is_superuser": true, "is_staff": true, "last_login": "2013-04-01T20:03:21.225Z", "groups": [], "user_permissions": [], "password": "pbkdf2_sha256$10000$VWDUrhItCLJS$V56UQ00EFjvqtRnTKUp9lRu8CvH4z/NSn41yXrTuEsE=", "email": "admin@rmz.ca", "date_joined": "2013-01-12T02:40:25.781Z"}}, {"pk": 1, "model": "sites.site", "fields": {"domain": "example.com", "name": "example.com"}}, {"pk": 1, "model": "timemap.branch", "fields": {"start_year": 1992, "name": "Calder", "floor_plan": "floor_plans/Calder_floorplan_final.jpg", "end_year": null, "longitude": -113.537964, "btype": "B", "latitude": 53.592178, "description": "Children's programming is a major focus of the branch, including Sing Sign Laugh and Learn and other pre-school programs, puppet shows, craft programs, teen programs, school tours and more!"}}, {"pk": 2, "model": "timemap.branch", "fields": {"start_year": 1966, "name": "Capilano", "floor_plan": "floor_plans/Capilano_floorplan_final.jpg", "end_year": null, "longitude": -113.423126, "btype": "B", "latitude": 53.53944, "description": "The Capilano branch is located in a popular location accessible by many different bus routes. This branch offeres numerous programs for Adults, Teens and Children."}}, {"pk": 3, "model": "timemap.branch", "fields": {"start_year": 2002, "name": "Castle Downs", "floor_plan": "floor_plans/Castledowns_floorplan_final.jpg", "end_year": null, "longitude": -113.516571, "btype": "B", "latitude": 53.615891, "description": "This is the Castle Downs branch of the public library. Know for being a family oriented branch, Castle Downs provides a variety of programming like \"Baby Laptime\" and \"Book-club\"."}}, {"pk": 4, "model": "timemap.branch", "fields": {"start_year": 1981, "name": "Castle Downs (old)", "floor_plan": "floor_plans/OldCastledowns_floorplan_final.jpg", "end_year": 2001, "longitude": -113.514157, "btype": "B", "latitude": 53.625849, "description": "The original Castle Downs Branch opened in 1981 and was closed in 2001 when the shopping centre it was located in was demolished and then redeveloped. The branch was relocated to nearby shopping complex (Lakeside Landing) and reopened in 2002 in a facility more than 10,000 square feet larger than the previous location."}}, {"pk": 5, "model": "timemap.branch", "fields": {"start_year": 1973, "name": "Dickensfield", "floor_plan": "floor_plans/Dickensfield_floorplan_final.jpg", "end_year": 1973, "longitude": -113.482496, "btype": "S", "latitude": 53.605851, "description": "Dickinsfield Branch opened in the Dickinsfield Shopping Mall at 144th Avenue and 92nd Street in 1973. With an expanding community in north Edmonton and need for additional space, the branch was relocated to Londonderry Mall in 1984 and renamed Londonderry Branch."}}, {"pk": 6, "model": "timemap.branch", "fields": {"start_year": 1964, "name": "Highlands", "floor_plan": "floor_plans/Highlands_floorplan_final.jpg", "end_year": null, "longitude": -113.442406, "btype": "B", "latitude": 53.570614, "description": "Highlands branch is currently in a temporary location."}}, {"pk": 7, "model": "timemap.branch", "fields": {"start_year": 1962, "name": "Highlands (old)", "floor_plan": "floor_plans/OldHighlands_floorplan_final.jpg", "end_year": 1963, "longitude": -113.472916, "btype": "B", "latitude": 53.570472, "description": "Highlands Branch started operations in a storefront in 1962. In 1963, the branch moved into a cottage at 8606-118 Avenue and was affectionately known as the \u201cLittle House Library\u201d."}}, {"pk": 8, "model": "timemap.branch", "fields": {"start_year": 1960, "name": "idywylde", "floor_plan": "floor_plans/Idylwylde_floorplan_final.jpg", "end_year": null, "longitude": -113.458267, "btype": "B", "latitude": 53.523476, "description": "In the heart of a thriving Francophone community, Idylwylde borders on Old Strathcona with an established community interested in local community events, the arts, the classics and other eclectic and culturally wide ranging literature."}}, {"pk": 9, "model": "timemap.branch", "fields": {"start_year": 1961, "name": "Jasper Place", "floor_plan": "floor_plans/Jasper_Place_main_floorplan_final.jpg", "end_year": null, "longitude": -113.5895, "btype": "B", "latitude": 53.531879, "description": "With limited space in our temporary library, we are not able to offer full library services at this location."}}, {"pk": 10, "model": "timemap.branch", "fields": {"start_year": 1996, "name": "Lessard", "floor_plan": "floor_plans/OldLessard_floorplan_final.jpg", "end_year": 2007, "longitude": -113.620463, "btype": "B", "latitude": 53.495652, "description": "On October 30, 1996 the Lessard branch was opened in the Lessard Shopping Mall in the west end, the first new branch to be built since Mill Woods Branch opened in 1982. In 2008, the branch will close in the Lessard Mall and reopen as the Lois Hole Library in the Callingwood area."}}, {"pk": 11, "model": "timemap.branch", "fields": {"start_year": 2008, "name": "Lois Hole", "floor_plan": "floor_plans/LoisHole_floorplan_final.jpg", "end_year": null, "longitude": -113.626755, "btype": "B", "latitude": 53.504807, "description": "The branch has a large collection of approximately 90,000 items with growth expected to reach 140,000 titles."}}, {"pk": 12, "model": "timemap.branch", "fields": {"start_year": 1984, "name": "Londonderry", "floor_plan": "floor_plans/Londonderry_floorplan_final.jpg", "end_year": null, "longitude": -113.454514, "btype": "B", "latitude": 53.599754, "description": "One of the four District branches, with a comprehensive reference collection. Total collection of approximately 110,000 items."}}, {"pk": 13, "model": "timemap.branch", "fields": {"start_year": 1988, "name": "Mill Woods", "floor_plan": "floor_plans/Millwoods_floorplan_final.jpg", "end_year": null, "longitude": -113.434464, "btype": "B", "latitude": 53.454533, "description": "Mill Woods Branch has a mature collection of books, large print materials, magazines, audio books, videos, CD's and DVD's."}}, {"pk": 14, "model": "timemap.branch", "fields": {"start_year": 1982, "name": "Mill Woods (old)", "floor_plan": "floor_plans/OldMillwoods_floorplan_final.jpg", "end_year": 1987, "longitude": -113.444678, "btype": "B", "latitude": 53.456831, "description": "Mill Woods Branch, originally located in the Mill Woods Recreation Centre,"}}, {"pk": 15, "model": "timemap.branch", "fields": {"start_year": 1966, "name": "Penny McKee", "floor_plan": "floor_plans/Penny_Mckee_floorplan_final.jpg", "end_year": null, "longitude": -113.395103, "btype": "B", "latitude": 53.570827, "description": "This Edmonton Public Library Branch is dedicated to supporting students with homework and offering plentiful reader`s advisory service."}}, {"pk": 16, "model": "timemap.branch", "fields": {"start_year": 1971, "name": "Southgate", "floor_plan": "floor_plans/Southgate_floorplan_final.jpg", "end_year": 2001, "longitude": -113.516541, "btype": "B", "latitude": 53.485748, "description": "A previous library located in Southgate Mall, and was located in the basement. It was closed in 2002."}}, {"pk": 17, "model": "timemap.branch", "fields": {"start_year": 1953, "name": "Sprucewood", "floor_plan": "floor_plans/Sprucewood_floorplan_final.jpg", "end_year": null, "longitude": -113.487022, "btype": "B", "latitude": 53.567215, "description": "Sprucewood\u2019s collection reflects the vibrant and diverse community it serves. We have an Aboriginal section with a large reading area, and our collection of other languages has expanded to include Russian, Spanish, French, Portuguese, Somali, Arabic, Vietnamese, Polish, and Chinese."}}, {"pk": 18, "model": "timemap.branch", "fields": {"start_year": 1913, "name": "Strathcona", "floor_plan": "floor_plans/Strathcona_main_floorplan_final.jpg", "end_year": null, "longitude": -113.497658, "btype": "B", "latitude": 53.519821, "description": "Strathcona's collection of over 42,000 items is geared towards its community and consists of books and videos for children and adults, music CD`s, books in other languages, and more."}}, {"pk": 19, "model": "timemap.branch", "fields": {"start_year": 1956, "name": "Bookmobile", "floor_plan": "", "end_year": 1970, "longitude": -113.442678, "btype": "M", "latitude": 53.525258, "description": "A bookmobile to test"}}, {"pk": 20, "model": "timemap.branch", "fields": {"start_year": 1930, "name": "Street Car", "floor_plan": "", "end_year": 1980, "longitude": -113.484993, "btype": "S", "latitude": 53.526023, "description": "Testing street cars"}}, {"pk": 1, "model": "timemap.story", "fields": {"story_text": "Location\tInformation\tRegistration\r\nCapilano Branch\tAudience: Children\r\nDuration: 45 minutes\r\nAges: Up to 3 years\r\nParticipation limit: 30\r\nFree tickets will be handed out 15 minutes before the program.\r\n\r\n10:30 a.m. Saturdays, January 05 to December 14, 2013\r\n10:30 a.m. Tuesdays, January 08 to December 17, 2013\r\n10:30 a.m. Wednesdays, January 09 to December 18, 2013\r\n\r\nDrop In. No registration required.", "title": "Sing, Sign, Laugh and Learn", "public_approved": true, "link_url": "http://www.shareedmonton.ca/events/2013/01/30/sing-sign-laugh-and-learn-6", "year": 2013, "month": 1, "content_type": "T", "user": 1, "branch": 1, "media_file": "images/display_stands.png", "anonymous": false, "day": 30, "description": "For children up to age three (including those with developmental delays), accompanied by a grown-up. Join us for singing, rhyming and signing. Parents will learn strategies to engage their children and enhance their communication and development through repetition, visuals and movement. Siblings are welcome. Offered in collaboration with the Edmonton Early Intervention Program. Note this is not a signing course. Free tickets will be handed out 15 minutes before the program."}}, {"pk": 2, "model": "timemap.story", "fields": {"story_text": "", "title": "Abbottsfield - Penny McKee Branch Homepage on EPL", "public_approved": true, "link_url": "http://www.epl.ca/about-epl/branches-and-hours/abbottsfield-penny-mckee-branch", "year": 2012, "month": null, "content_type": "L", "user": 1, "branch": 15, "media_file": "", "anonymous": false, "day": null, "description": "This link will take you to the Abbottsfield - Penny McKee Branch, which is located within the Edmonton Public Library website. Here you can access information including library hours, special programs offered and contact information."}}, {"pk": 3, "model": "timemap.story", "fields": {"story_text": "", "title": "Calder Branch Homepage on EPL", "public_approved": true, "link_url": "http://www.epl.ca/about-epl/branches-and-hours/calder-branch", "year": 2012, "month": null, "content_type": "L", "user": 1, "branch": 1, "media_file": "", "anonymous": false, "day": null, "description": "This link will take you to the Calder Branch, which is located within the Edmonton Public Library website. Here you can access information including library hours, special programs offered and contact information."}}, {"pk": 4, "model": "timemap.story", "fields": {"story_text": "", "title": "Capilano Branch Homepage on EPL", "public_approved": true, "link_url": "http://www.epl.ca/about-epl/branches-and-hours/capilano-branch", "year": 2012, "month": null, "content_type": "L", "user": 1, "branch": 2, "media_file": "", "anonymous": false, "day": null, "description": "This link will take you to the Capilano Branch, which is located within the Edmonton Public Library website. Here you can access information including library hours, special programs offered and contact information."}}, {"pk": 5, "model": "timemap.story", "fields": {"story_text": "", "title": "Castle Downs Branch Homepage on EPL", "public_approved": true, "link_url": "http://www.epl.ca/about-epl/branches-and-hours/castle-downs-branch", "year": 2012, "month": null, "content_type": "L", "user": 1, "branch": 3, "media_file": "", "anonymous": false, "day": null, "description": "This link will take you to the Castle Downs Branch, which is located within the Edmonton Public Library website. Here you can access information including library hours, special programs offered and contact information."}}, {"pk": 6, "model": "timemap.story", "fields": {"story_text": "", "title": "Highlands Branch Homepage on EPL", "public_approved": true, "link_url": "http://www.epl.ca/about-epl/branches-and-hours/highlands-branch", "year": 2012, "month": null, "content_type": "L", "user": 1, "branch": 6, "media_file": "", "anonymous": false, "day": null, "description": "This link will take you to the Highlands Branch, which is located within the Edmonton Public Library website. Here you can access information including library hours, special programs offered and contact information."}}, {"pk": 7, "model": "timemap.story", "fields": {"story_text": "", "title": "Jasper Place Branch Homepage on EPL", "public_approved": true, "link_url": "http://www.epl.ca/about-epl/branches-and-hours/jasper-place-branch", "year": 2012, "month": null, "content_type": "L", "user": 1, "branch": 9, "media_file": "", "anonymous": false, "day": null, "description": "This link will take you to the Jasper Place Branch, which is located within the Edmonton Public Library website. Here you can access information including library hours, special programs offered and contact information."}}, {"pk": 8, "model": "timemap.story", "fields": {"story_text": "", "title": "Lois Hole Branch Homepage on EPL", "public_approved": true, "link_url": "http://www.epl.ca/about-epl/branches-and-hours/lois-hole-library", "year": 2012, "month": null, "content_type": "L", "user": 1, "branch": 11, "media_file": "", "anonymous": false, "day": null, "description": "This link will take you to the Lois Hole Branch, which is located within the Edmonton Public Library website. Here you can access information including library hours, special programs offered and contact information."}}, {"pk": 9, "model": "timemap.story", "fields": {"story_text": "", "title": "Londonderry Branch Homepage on EPL", "public_approved": true, "link_url": "http://www.epl.ca/about-epl/branches-and-hours/londonderry-branch", "year": 2012, "month": null, "content_type": "L", "user": 1, "branch": 12, "media_file": "", "anonymous": false, "day": null, "description": "This link will take you to the Londonderry Branch, which is located within the Edmonton Public Library website. Here you can access information including library hours, special programs offered and contact information."}}, {"pk": 10, "model": "timemap.story", "fields": {"story_text": "", "title": "Mill Woods Branch Homepage on EPL", "public_approved": true, "link_url": "http://www.epl.ca/about-epl/branches-and-hours/mill-woods-branch", "year": 2012, "month": null, "content_type": "L", "user": 1, "branch": 13, "media_file": "", "anonymous": false, "day": null, "description": "This link will take you to the Mill Woods Branch, which is located within the Edmonton Public Library website. Here you can access information including library hours, special programs offered and contact information."}}, {"pk": 11, "model": "timemap.story", "fields": {"story_text": "", "title": "Sprucewood Branch Homepage on EPL", "public_approved": true, "link_url": "http://www.epl.ca/about-epl/branches-and-hours/sprucewood-branch", "year": 2012, "month": null, "content_type": "L", "user": 1, "branch": 17, "media_file": "", "anonymous": false, "day": null, "description": "This link will take you to the Sprucewood Branch, which is located within the Edmonton Public Library website. Here you can access information including library hours, special programs offered and contact information."}}, {"pk": 12, "model": "timemap.story", "fields": {"story_text": "", "title": "Strathcona Branch Homepage on EPL", "public_approved": true, "link_url": "http://www.epl.ca/about-epl/branches-and-hours/strathcona-branch", "year": 2012, "month": null, "content_type": "L", "user": 1, "branch": 18, "media_file": "", "anonymous": false, "day": null, "description": "This link will take you to the Strathcona Branch, which is located within the Edmonton Public Library website. Here you can access information including library hours, special programs offered and contact information."}}, {"pk": 13, "model": "timemap.story", "fields": {"story_text": "", "title": "A Night At the Barn '42", "public_approved": true, "link_url": "", "year": 1955, "month": null, "content_type": "A", "user": 1, "branch": 1, "media_file": "audio/436_night_at_barn.mp3", "anonymous": false, "day": null, "description": "This audio recording depicts a story about Edmontons only dance hall during the second world war (1940-1946). The dance hall was decorated like a barn (thus the name), it even included stalls. "}}, {"pk": 14, "model": "timemap.story", "fields": {"story_text": "", "title": "Edmonton the Capital", "public_approved": true, "link_url": "", "year": 1955, "month": null, "content_type": "A", "user": 1, "branch": 15, "media_file": "audio/373_edmonton_capital.mp3", "anonymous": false, "day": null, "description": "This audio recording talks about how Edmonton became the capital of Alberta. "}}, {"pk": 15, "model": "timemap.story", "fields": {"story_text": "", "title": "Architectural drawings for Strathcona Library lost", "public_approved": true, "link_url": "", "year": 1911, "month": null, "content_type": "P", "user": 1, "branch": 18, "media_file": "pdf/Narrative_Strathcona_Line03.pdf", "anonymous": false, "day": null, "description": "This is a narrative about how the original architectural drawings for the Strathcona Branch was lost."}}, {"pk": 16, "model": "timemap.story", "fields": {"story_text": "", "title": "Construction of Strathcona Branch began", "public_approved": true, "link_url": "", "year": 1912, "month": null, "content_type": "P", "user": 1, "branch": 18, "media_file": "pdf/Narrative_Strathcona_Line04.pdf", "anonymous": false, "day": null, "description": "This is a narrative about the beginning of the Strathcona Branch construction."}}, {"pk": 17, "model": "timemap.story", "fields": {"story_text": "", "title": "Strathcona Branch opened", "public_approved": true, "link_url": "", "year": 1913, "month": 3, "content_type": "P", "user": 1, "branch": 18, "media_file": "pdf/Narrative_Strathcona_Line06.pdf", "anonymous": false, "day": null, "description": "This is a narrative about the Strathcona Branch opening."}}, {"pk": 18, "model": "timemap.story", "fields": {"story_text": "", "title": "Book inventory and overdue fees in 1913", "public_approved": true, "link_url": "", "year": 1913, "month": null, "content_type": "P", "user": 1, "branch": 18, "media_file": "pdf/Narrative_Strathcona_Line08.pdf", "anonymous": false, "day": null, "description": "This is a narrative about the \"open access\" nature of the library system, book inventory and overdue fees in 1913."}}, {"pk": 19, "model": "timemap.story", "fields": {"story_text": "", "title": "Volumes issued at Strathcona Branch in 1913", "public_approved": true, "link_url": "", "year": 1913, "month": null, "content_type": "P", "user": 1, "branch": 18, "media_file": "pdf/Narrative_Chrisholm_Line10.pdf", "anonymous": false, "day": null, "description": "This is a record on the number of volumes issued at Strathcona Branch in 1913."}}, {"pk": 20, "model": "timemap.story", "fields": {"story_text": "", "title": "Libraries remain open during WWI", "public_approved": true, "link_url": "", "year": 1914, "month": null, "content_type": "P", "user": 1, "branch": 18, "media_file": "pdf/Narrative_Strathcona_Line13.pdf", "anonymous": false, "day": null, "description": "This is a narrative about the roles of the 2 libraries and Edmontonians' usage of them during the First World War."}}, {"pk": 21, "model": "timemap.story", "fields": {"story_text": "", "title": "Library closure and circulation suspension", "public_approved": true, "link_url": "", "year": 1918, "month": 10, "content_type": "P", "user": 1, "branch": 18, "media_file": "pdf/Narrative_Strathcona_Line17.pdf", "anonymous": false, "day": null, "description": "This is a narrative about Strathcona Branch's closure and circulation suspension during a period of severe flu."}}, {"pk": 22, "model": "timemap.story", "fields": {"story_text": "", "title": "Strathcona horticultural marvel", "public_approved": true, "link_url": "", "year": 1927, "month": null, "content_type": "P", "user": 1, "branch": 18, "media_file": "pdf/Narrative_Strathcona_Line20.pdf", "anonymous": false, "day": null, "description": "This is a narrative about the Strathcona Branch."}}, {"pk": 23, "model": "timemap.story", "fields": {"story_text": "", "title": "Strathcona Branch statue stolen", "public_approved": true, "link_url": "", "year": 1913, "month": null, "content_type": "P", "user": 1, "branch": 18, "media_file": "pdf/Narrative_Strathcona_Line21.pdf", "anonymous": false, "day": null, "description": "This is a narrative about the brozen statue in the Strathcona Branch that was stolen."}}, {"pk": 24, "model": "timemap.story", "fields": {"story_text": "", "title": "Strathcona Branch vandalised", "public_approved": true, "link_url": "", "year": 1927, "month": 10, "content_type": "P", "user": 1, "branch": 18, "media_file": "pdf/Narrative_Strathcona_Line22.pdf", "anonymous": false, "day": null, "description": "This is a narrative about the Strathcona Branch being vandalised."}}, {"pk": 25, "model": "timemap.story", "fields": {"story_text": "", "title": "Library board made plans on opening Sprucewood Branch", "public_approved": true, "link_url": "", "year": 1953, "month": 4, "content_type": "P", "user": 1, "branch": 17, "media_file": "pdf/Narrative_Sprucewood_Line31.pdf", "anonymous": false, "day": null, "description": "This is a narrative about the library board planning and preparing for the opening of the Sprucewood Branch."}}, {"pk": 26, "model": "timemap.story", "fields": {"story_text": "", "title": "Sprucewood Branch opened", "public_approved": true, "link_url": "", "year": 1953, "month": 10, "content_type": "P", "user": 1, "branch": 17, "media_file": "pdf/Narrative_Sprucewood_Line32.pdf", "anonymous": false, "day": null, "description": "This is a narrative about the opening of the Sprucewood Branch."}}, {"pk": 27, "model": "timemap.story", "fields": {"story_text": "", "title": "Sprucewood early years", "public_approved": true, "link_url": "", "year": 1953, "month": null, "content_type": "P", "user": 1, "branch": 17, "media_file": "pdf/Narrative_Sprucewood_Line33.pdf", "anonymous": false, "day": null, "description": "This is a narrative about the early years of the Sprucewood Branch."}}, {"pk": 28, "model": "timemap.story", "fields": {"story_text": "", "title": "Sprucewood Branch moved", "public_approved": true, "link_url": "", "year": 1953, "month": 10, "content_type": "P", "user": 1, "branch": 17, "media_file": "pdf/Narrative_Sprucewood_Line35.pdf", "anonymous": false, "day": null, "description": "This is a narrative about the Sprucewood Branch moving to a new location."}}, {"pk": 29, "model": "timemap.story", "fields": {"story_text": "", "title": "Jasper Place Branch opened", "public_approved": true, "link_url": "", "year": 1961, "month": null, "content_type": "P", "user": 1, "branch": 9, "media_file": "pdf/Narrative_Jasper_Place_Line37.pdf", "anonymous": false, "day": null, "description": "This is a narrative about the opening of the Jasper Place Branch and how it came about."}}, {"pk": 30, "model": "timemap.story", "fields": {"story_text": "", "title": "Highlands Branch opened", "public_approved": true, "link_url": "", "year": 1962, "month": null, "content_type": "P", "user": 1, "branch": 6, "media_file": "pdf/Narrative_Highlands_Line38.pdf", "anonymous": false, "day": null, "description": "This is a narrative about the opening of Highlands Branch at a temporary location."}}, {"pk": 31, "model": "timemap.story", "fields": {"story_text": "", "title": "Highlands Branch opned at new location", "public_approved": true, "link_url": "", "year": 1963, "month": 6, "content_type": "P", "user": 1, "branch": 6, "media_file": "pdf/Narrative_Highlands_Line41.pdf", "anonymous": false, "day": null, "description": "This is a narrative about the Highlands Branch moving from its original location to a new location."}}, {"pk": 32, "model": "timemap.story", "fields": {"story_text": "", "title": "Highlands opened at new location", "public_approved": true, "link_url": "", "year": 1964, "month": 8, "content_type": "P", "user": 1, "branch": 6, "media_file": "pdf/Narrative_Highlands_Line43.pdf", "anonymous": false, "day": null, "description": "This is a narrative about the Highlands Branch opening at a new location."}}, {"pk": 33, "model": "timemap.story", "fields": {"story_text": "", "title": "Clader Branch opened at temporary location", "public_approved": true, "link_url": "", "year": 1966, "month": 8, "content_type": "P", "user": 1, "branch": 1, "media_file": "pdf/Narrative_Calder_Line48.pdf", "anonymous": false, "day": null, "description": "This is a narrative about the Calder Branch opening at a temporary location."}}, {"pk": 34, "model": "timemap.story", "fields": {"story_text": "", "title": "Capilano Branch opened", "public_approved": true, "link_url": "", "year": 1966, "month": 10, "content_type": "P", "user": 1, "branch": 2, "media_file": "pdf/Narrative_Capilano_Line49.pdf", "anonymous": false, "day": null, "description": "This is a narrative about the opening of the Capilano Branch."}}, {"pk": 35, "model": "timemap.story", "fields": {"story_text": "", "title": "Southgate Branch opened", "public_approved": true, "link_url": "", "year": 1971, "month": null, "content_type": "P", "user": 1, "branch": 16, "media_file": "pdf/Narrative_Southgate_Line67.pdf", "anonymous": false, "day": null, "description": "This is a narrative about the opening of the Southgate Branch."}}, {"pk": 36, "model": "timemap.story", "fields": {"story_text": "", "title": "Castle Downs Branch opened", "public_approved": true, "link_url": "", "year": 1981, "month": null, "content_type": "P", "user": 1, "branch": 3, "media_file": "pdf/Narrative_Castle_Downs_Line74.pdf", "anonymous": false, "day": null, "description": "This is a narrative about the opening of the Castle Downs Branch."}}, {"pk": 37, "model": "timemap.story", "fields": {"story_text": "", "title": "Strathcona Library heritage building", "public_approved": true, "link_url": "", "year": 1985, "month": null, "content_type": "P", "user": 1, "branch": 18, "media_file": "pdf/Narrative_Strathcona_Line77.pdf", "anonymous": false, "day": null, "description": "This is a narrative about Strathcona Branch reopening as a protected hertiage building."}}, {"pk": 38, "model": "timemap.story", "fields": {"story_text": "", "title": "Mill Woods Branch moved", "public_approved": true, "link_url": "", "year": 1988, "month": null, "content_type": "P", "user": 1, "branch": 13, "media_file": "pdf/Narrative_Mill_Woods_Line78.pdf", "anonymous": false, "day": null, "description": "This is a narrative about the Mill Woods branch moving to a new location."}}, {"pk": 39, "model": "timemap.story", "fields": {"story_text": "", "title": "Jasper Place Branch renovation", "public_approved": true, "link_url": "", "year": 1988, "month": null, "content_type": "P", "user": 1, "branch": 9, "media_file": "pdf/Narrative_Jasper_Place_Line79.pdf", "anonymous": false, "day": null, "description": "This is a narrative about the renovation of the Jasper Place Branch."}}, {"pk": 40, "model": "timemap.story", "fields": {"story_text": "", "title": "Calder Branch moved", "public_approved": true, "link_url": "", "year": 1992, "month": null, "content_type": "P", "user": 1, "branch": 1, "media_file": "pdf/Narrative_Calder_Line81.pdf", "anonymous": false, "day": null, "description": "This is a narrative about the Calder Branch relocated."}}, {"pk": 41, "model": "timemap.story", "fields": {"story_text": "", "title": "Lessard Branch opened", "public_approved": true, "link_url": "", "year": 1996, "month": null, "content_type": "P", "user": 1, "branch": 10, "media_file": "pdf/Narrative_Lessard_Line82.pdf", "anonymous": false, "day": null, "description": "This is a narrative about the opening of the Lessard Branch."}}, {"pk": 42, "model": "timemap.story", "fields": {"story_text": "", "title": "Southgate Branch relocated", "public_approved": true, "link_url": "", "year": 2002, "month": null, "content_type": "P", "user": 1, "branch": 16, "media_file": "pdf/Narrative_Southgate_Line87.pdf", "anonymous": false, "day": null, "description": "This is a narrative about the Southgate Branch moving, and reopening as the Whitemud Corssing Branch."}}, {"pk": 43, "model": "timemap.story", "fields": {"story_text": "", "title": "Strathcona Branch expanded", "public_approved": true, "link_url": "", "year": 2006, "month": null, "content_type": "P", "user": 1, "branch": 18, "media_file": "pdf/Narrative_Strathcona_Line89.pdf", "anonymous": false, "day": null, "description": "This is a narrative about the expansion of the Strathcona Branch."}}, {"pk": 44, "model": "timemap.story", "fields": {"story_text": "", "title": "Lessard Branch closed", "public_approved": true, "link_url": "", "year": 2008, "month": null, "content_type": "P", "user": 1, "branch": 10, "media_file": "pdf/Narrative_Lessard_Line91.pdf", "anonymous": false, "day": null, "description": "This is a narrative about the Lessard Branch closing and Lois Hole Library opening."}}, {"pk": 45, "model": "timemap.story", "fields": {"story_text": "", "title": "Architects designed new Jasper Place Branch", "public_approved": true, "link_url": "", "year": 2010, "month": null, "content_type": "P", "user": 1, "branch": 9, "media_file": "pdf/Narrative_Jasper_Place_Line94.pdf", "anonymous": false, "day": null, "description": "This is a narrative about the architects to design the new Jasper Place Branch."}}, {"pk": 46, "model": "timemap.story", "fields": {"story_text": "", "title": "Jasper Place Branch demolished", "public_approved": true, "link_url": "", "year": 2011, "month": null, "content_type": "P", "user": 1, "branch": 9, "media_file": "pdf/Narrative_Jasper_Place_Line95.pdf", "anonymous": false, "day": null, "description": "This is a narrative about the demolition of the Jasper Place Branch."}}, {"pk": 47, "model": "timemap.story", "fields": {"story_text": "", "title": "Highlands Branch demolished", "public_approved": true, "link_url": "", "year": 2011, "month": 11, "content_type": "P", "user": 1, "branch": 6, "media_file": "pdf/Narrative_Highlands_Line96.pdf", "anonymous": false, "day": null, "description": "This is a narrative about the demolition and rebuilding of the Highlands Branch."}}, {"pk": 48, "model": "timemap.story", "fields": {"story_text": "", "title": "Jasper Place new building opened", "public_approved": true, "link_url": "", "year": 2013, "month": null, "content_type": "P", "user": 1, "branch": 9, "media_file": "pdf/Narrative_Jasper_Place_Line97.pdf", "anonymous": false, "day": null, "description": "This is a narrative about the opening of the new building of the Jasper Place Branch."}}, {"pk": 49, "model": "timemap.story", "fields": {"story_text": "", "title": "Free Cards", "public_approved": true, "link_url": "", "year": 2013, "month": null, "content_type": "V", "user": 1, "branch": 13, "media_file": "video/freecard.mp4", "anonymous": false, "day": null, "description": "Celebrate the EPL centenial with a free card!"}}, {"pk": 50, "model": "timemap.story", "fields": {"story_text": "", "title": "Test Bookmobile story", "public_approved": true, "link_url": "", "year": 1962, "month": null, "content_type": "I", "user": 1, "branch": 19, "media_file": "image/be916f86-dd17-4060-a9d4-11ad04ff4c21.png", "anonymous": false, "day": null, "description": "A Bookmobile parked in a residential neighbourhood, in the winter of 1962"}}, {"pk": 51, "model": "timemap.story", "fields": {"story_text": "", "title": "Street Car Library Staff", "public_approved": true, "link_url": "", "year": 1967, "month": null, "content_type": "I", "user": 1, "branch": 20, "media_file": "image/a1c5b0b3-4fa9-4351-986d-20af35f7c6b2.jpg", "anonymous": false, "day": null, "description": "Three members of the EPL staff stand on the steps of an EPL Street Car Library"}}, {"pk": 1, "model": "timemap.map", "fields": {"start_year": 1913, "author": "The Mundy Map and Blueprint Co. of Alberta", "end_year": 1922, "title": "Mundy's map of Edmonton and suburbs", "base_folder": "/media/MapTiles/1913/", "published": 1913}}, {"pk": 2, "model": "timemap.map", "fields": {"start_year": 1923, "author": "Driscoll & Knight; Pecknold, C. E. J.", "end_year": 1932, "title": "Street map of the City of Edmonton, Province of Alberta", "base_folder": "/media/MapTiles/1924/", "published": 1924}}, {"pk": 3, "model": "timemap.map", "fields": {"start_year": 1933, "author": "W.L Wilkin Ltd.", "end_year": 1942, "title": "Vest Pocket map of Edmonton", "base_folder": "/media/MapTiles/1933/", "published": 1930}}, {"pk": 4, "model": "timemap.map", "fields": {"start_year": 1943, "author": "City Engineers Office", "end_year": 1952, "title": "Official Map of the Edmonton showing street numbers and names.", "base_folder": "/media/MapTiles/1945/", "published": 1945}}, {"pk": 5, "model": "timemap.map", "fields": {"start_year": 1953, "author": "Weber Bros. Agencies", "end_year": 1962, "title": "Map of the City of Edmonton", "base_folder": "/media/MapTiles/1956/", "published": 1956}}, {"pk": 6, "model": "timemap.map", "fields": {"start_year": 1963, "author": "Map Corporation of America", "end_year": 1972, "title": "Mapco map of Edmonton & vicinity, Alberta.", "base_folder": "/media/MapTiles/1960/", "published": 1960}}, {"pk": 7, "model": "timemap.map", "fields": {"start_year": 1973, "author": "Public School Board", "end_year": 1982, "title": "Public Schools.", "base_folder": "/media/MapTiles/1975/", "published": 1975}}, {"pk": 8, "model": "timemap.map", "fields": {"start_year": 1983, "author": "City Planning Dept.", "end_year": 1992, "title": "Subdivision Index.", "base_folder": "/media/MapTiles/1986/", "published": 1986}}, {"pk": 9, "model": "timemap.map", "fields": {"start_year": 1993, "author": "Allmaps Canada Ltd.", "end_year": 2002, "title": "City of Edmonton [and vicinity].", "base_folder": "/media/MapTiles/1992/", "published": 1992}}, {"pk": 10, "model": "timemap.map", "fields": {"start_year": 2003, "author": "Edmonton Transit", "end_year": 2012, "title": "Alberta-Cities and towns-Edmonton P-5", "base_folder": "/media/MapTiles/2003/", "published": 2003}}, {"pk": 1, "model": "timemap.featuredstory", "fields": {"story": 49}}, {"pk": 2, "model": "timemap.featuredstory", "fields": {"story": 13}}, {"pk": 3, "model": "timemap.featuredstory", "fields": {"story": 14}}, {"pk": 4, "model": "timemap.featuredstory", "fields": {"story": 1}}, {"pk": 5, "model": "timemap.featuredstory", "fields": {"story": 50}}, {"pk": 21, "model": "admin.logentry", "fields": {"action_flag": 1, "action_time": "2013-04-01T22:55:44.418Z", "object_repr": "Street Car Library Staff", "object_id": "51", "change_message": "", "user": 1, "content_type": 14}}, {"pk": 20, "model": "admin.logentry", "fields": {"action_flag": 1, "action_time": "2013-04-01T22:54:13.366Z", "object_repr": "Street Car", "object_id": "20", "change_message": "", "user": 1, "content_type": 13}}, {"pk": 19, "model": "admin.logentry", "fields": {"action_flag": 1, "action_time": "2013-04-01T22:51:14.045Z", "object_repr": "Test Bookmobile story", "object_id": "5", "change_message": "", "user": 1, "content_type": 16}}, {"pk": 18, "model": "admin.logentry", "fields": {"action_flag": 1, "action_time": "2013-04-01T22:50:47.872Z", "object_repr": "Test Bookmobile story", "object_id": "50", "change_message": "", "user": 1, "content_type": 14}}, {"pk": 17, "model": "admin.logentry", "fields": {"action_flag": 1, "action_time": "2013-04-01T22:50:02.710Z", "object_repr": "Bookmobile", "object_id": "19", "change_message": "", "user": 1, "content_type": 13}}, {"pk": 16, "model": "admin.logentry", "fields": {"action_flag": 2, "action_time": "2013-04-01T22:23:43.114Z", "object_repr": "Dickensfield", "object_id": "5", "change_message": "Changed btype.", "user": 1, "content_type": 13}}, {"pk": 15, "model": "admin.logentry", "fields": {"action_flag": 2, "action_time": "2013-04-01T21:38:06.871Z", "object_repr": "A Trip Around Edmonton >> And something new", "object_id": "2", "change_message": "Changed type for Task \"A Trip Around Edmonton >> And something new >> Visit on the TimeMap our Newest Branch\".", "user": 1, "content_type": 20}}, {"pk": 14, "model": "admin.logentry", "fields": {"action_flag": 2, "action_time": "2013-04-01T21:37:40.554Z", "object_repr": "A Trip Around Edmonton >> And something new", "object_id": "2", "change_message": "Changed type for Task \"A Trip Around Edmonton >> And something new >> Visit on the TimeMap our Newest Branch\".", "user": 1, "content_type": 20}}, {"pk": 13, "model": "admin.logentry", "fields": {"action_flag": 2, "action_time": "2013-04-01T21:36:19.161Z", "object_repr": "A Trip Around Edmonton >> And something new", "object_id": "2", "change_message": "Changed type for Task \"A Trip Around Edmonton >> And something new >> Visit on the TimeMap our Newest Branch\".", "user": 1, "content_type": 20}}, {"pk": 12, "model": "admin.logentry", "fields": {"action_flag": 1, "action_time": "2013-03-16T22:54:32.184Z", "object_repr": "Sing, Sign, Laugh and Learn", "object_id": "4", "change_message": "", "user": 1, "content_type": 16}}, {"pk": 11, "model": "admin.logentry", "fields": {"action_flag": 1, "action_time": "2013-03-16T22:54:22.813Z", "object_repr": "Edmonton the Capital", "object_id": "3", "change_message": "", "user": 1, "content_type": 16}}, {"pk": 10, "model": "admin.logentry", "fields": {"action_flag": 1, "action_time": "2013-03-16T22:54:12.926Z", "object_repr": "A Night At the Barn '42", "object_id": "2", "change_message": "", "user": 1, "content_type": 16}}, {"pk": 9, "model": "admin.logentry", "fields": {"action_flag": 1, "action_time": "2013-03-16T22:54:00.876Z", "object_repr": "Free Cards", "object_id": "1", "change_message": "", "user": 1, "content_type": 16}}, {"pk": 8, "model": "admin.logentry", "fields": {"action_flag": 2, "action_time": "2013-03-14T16:15:18.449Z", "object_repr": "Edmonton the Capital", "object_id": "14", "change_message": "Changed media_file and keywords.", "user": 1, "content_type": 11}}, {"pk": 7, "model": "admin.logentry", "fields": {"action_flag": 2, "action_time": "2013-03-14T16:14:18.132Z", "object_repr": "A Night At the Barn '42", "object_id": "13", "change_message": "Changed media_file and keywords.", "user": 1, "content_type": 11}}, {"pk": 6, "model": "admin.logentry", "fields": {"action_flag": 1, "action_time": "2013-03-14T16:12:53.987Z", "object_repr": "Free Cards", "object_id": "49", "change_message": "", "user": 1, "content_type": 11}}, {"pk": 5, "model": "admin.logentry", "fields": {"action_flag": 1, "action_time": "2013-03-14T16:09:04.678Z", "object_repr": "Free Cards", "object_id": "2", "change_message": "", "user": 1, "content_type": 11}}, {"pk": 4, "model": "admin.logentry", "fields": {"action_flag": 2, "action_time": "2013-02-20T02:24:19.121Z", "object_repr": "Sing, Sign, Laugh and Learn", "object_id": "1", "change_message": "Changed keywords and user.", "user": 1, "content_type": 11}}, {"pk": 3, "model": "admin.logentry", "fields": {"action_flag": 1, "action_time": "2013-01-30T00:44:02.428Z", "object_repr": "Story object", "object_id": "1", "change_message": "", "user": 1, "content_type": 10}}, {"pk": 2, "model": "admin.logentry", "fields": {"action_flag": 1, "action_time": "2013-01-30T00:37:24.831Z", "object_repr": "Londonderry", "object_id": "2", "change_message": "", "user": 1, "content_type": 9}}, {"pk": 1, "model": "admin.logentry", "fields": {"action_flag": 1, "action_time": "2013-01-30T00:35:59.119Z", "object_repr": "Capilano", "object_id": "1", "change_message": "", "user": 1, "content_type": 9}}, {"pk": 1, "model": "taggit.tag", "fields": {"name": "Books", "slug": "books"}}, {"pk": 2, "model": "taggit.tag", "fields": {"name": " Children's Library", "slug": "childrens-library"}}, {"pk": 3, "model": "taggit.tag", "fields": {"name": " Library Program", "slug": "library-program"}}, {"pk": 4, "model": "taggit.tag", "fields": {"name": "Edmonton History", "slug": "edmonton-history"}}, {"pk": 5, "model": "taggit.tag", "fields": {"name": " World War II", "slug": "world-war-ii"}}, {"pk": 6, "model": "taggit.tag", "fields": {"name": " Dancing", "slug": "dancing"}}, {"pk": 7, "model": "taggit.tag", "fields": {"name": " Politics", "slug": "politics"}}, {"pk": 8, "model": "taggit.tag", "fields": {"name": " Alberta", "slug": "alberta"}}, {"pk": 9, "model": "taggit.tag", "fields": {"name": "Architectural Drawings", "slug": "architectural-drawings"}}, {"pk": 10, "model": "taggit.tag", "fields": {"name": " Lost", "slug": "lost"}}, {"pk": 11, "model": "taggit.tag", "fields": {"name": " Carnegie Corporation", "slug": "carnegie-corporation"}}, {"pk": 12, "model": "taggit.tag", "fields": {"name": "Strathcona Branch", "slug": "strathcona-branch"}}, {"pk": 13, "model": "taggit.tag", "fields": {"name": " Construction", "slug": "construction"}}, {"pk": 14, "model": "taggit.tag", "fields": {"name": " opening", "slug": "opening"}}, {"pk": 15, "model": "taggit.tag", "fields": {"name": " free", "slug": "free"}}, {"pk": 16, "model": "taggit.tag", "fields": {"name": " open access", "slug": "open-access"}}, {"pk": 17, "model": "taggit.tag", "fields": {"name": " inventory", "slug": "inventory"}}, {"pk": 18, "model": "taggit.tag", "fields": {"name": " overdue fee", "slug": "overdue-fee"}}, {"pk": 19, "model": "taggit.tag", "fields": {"name": "Volumes issued", "slug": "volumes-issued"}}, {"pk": 20, "model": "taggit.tag", "fields": {"name": " Strathcona Branch", "slug": "strathcona-branch_1"}}, {"pk": 21, "model": "taggit.tag", "fields": {"name": "First World War", "slug": "first-world-war"}}, {"pk": 22, "model": "taggit.tag", "fields": {"name": " libraries remain open", "slug": "libraries-remain-open"}}, {"pk": 23, "model": "taggit.tag", "fields": {"name": " women", "slug": "women"}}, {"pk": 24, "model": "taggit.tag", "fields": {"name": " children", "slug": "children"}}, {"pk": 25, "model": "taggit.tag", "fields": {"name": " husbands", "slug": "husbands"}}, {"pk": 26, "model": "taggit.tag", "fields": {"name": " men", "slug": "men"}}, {"pk": 27, "model": "taggit.tag", "fields": {"name": " community hubs", "slug": "community-hubs"}}, {"pk": 28, "model": "taggit.tag", "fields": {"name": " engineering", "slug": "engineering"}}, {"pk": 29, "model": "taggit.tag", "fields": {"name": " aircraft", "slug": "aircraft"}}, {"pk": 30, "model": "taggit.tag", "fields": {"name": " military strategy", "slug": "military-strategy"}}, {"pk": 31, "model": "taggit.tag", "fields": {"name": " history", "slug": "history"}}, {"pk": 32, "model": "taggit.tag", "fields": {"name": " flu", "slug": "flu"}}, {"pk": 33, "model": "taggit.tag", "fields": {"name": " closure", "slug": "closure"}}, {"pk": 34, "model": "taggit.tag", "fields": {"name": " circulation suspension", "slug": "circulation-suspension"}}, {"pk": 35, "model": "taggit.tag", "fields": {"name": "Strathcona", "slug": "strathcona"}}, {"pk": 36, "model": "taggit.tag", "fields": {"name": " horticultural", "slug": "horticultural"}}, {"pk": 37, "model": "taggit.tag", "fields": {"name": " meeting place", "slug": "meeting-place"}}, {"pk": 38, "model": "taggit.tag", "fields": {"name": " Whyte Avenue", "slug": "whyte-avenue"}}, {"pk": 39, "model": "taggit.tag", "fields": {"name": "The Prayer of Faith", "slug": "the-prayer-of-faith"}}, {"pk": 40, "model": "taggit.tag", "fields": {"name": " Baxtor", "slug": "baxtor"}}, {"pk": 41, "model": "taggit.tag", "fields": {"name": " bronze statue", "slug": "bronze-statue"}}, {"pk": 42, "model": "taggit.tag", "fields": {"name": " sculpture", "slug": "sculpture"}}, {"pk": 43, "model": "taggit.tag", "fields": {"name": " stolen", "slug": "stolen"}}, {"pk": 44, "model": "taggit.tag", "fields": {"name": " urns", "slug": "urns"}}, {"pk": 45, "model": "taggit.tag", "fields": {"name": " destroyed", "slug": "destroyed"}}, {"pk": 46, "model": "taggit.tag", "fields": {"name": " rebuilt", "slug": "rebuilt"}}, {"pk": 47, "model": "taggit.tag", "fields": {"name": "St. Alphonsus church", "slug": "st-alphonsus-church"}}, {"pk": 48, "model": "taggit.tag", "fields": {"name": " library board", "slug": "library-board"}}, {"pk": 49, "model": "taggit.tag", "fields": {"name": " lease", "slug": "lease"}}, {"pk": 50, "model": "taggit.tag", "fields": {"name": " renovating", "slug": "renovating"}}, {"pk": 51, "model": "taggit.tag", "fields": {"name": " redecorating", "slug": "redecorating"}}, {"pk": 52, "model": "taggit.tag", "fields": {"name": "Sprucewood Branch", "slug": "sprucewood-branch"}}, {"pk": 53, "model": "taggit.tag", "fields": {"name": " new branch", "slug": "new-branch"}}, {"pk": 54, "model": "taggit.tag", "fields": {"name": " community party", "slug": "community-party"}}, {"pk": 55, "model": "taggit.tag", "fields": {"name": " Mayor Hawrelak", "slug": "mayor-hawrelak"}}, {"pk": 56, "model": "taggit.tag", "fields": {"name": " early years", "slug": "early-years"}}, {"pk": 57, "model": "taggit.tag", "fields": {"name": " children's department", "slug": "childrens-department"}}, {"pk": 58, "model": "taggit.tag", "fields": {"name": " community hub", "slug": "community-hub"}}, {"pk": 59, "model": "taggit.tag", "fields": {"name": " helping kids", "slug": "helping-kids"}}, {"pk": 60, "model": "taggit.tag", "fields": {"name": " homework", "slug": "homework"}}, {"pk": 61, "model": "taggit.tag", "fields": {"name": " moved", "slug": "moved"}}, {"pk": 62, "model": "taggit.tag", "fields": {"name": " grand opening", "slug": "grand-opening"}}, {"pk": 63, "model": "taggit.tag", "fields": {"name": "Jasper Place Branch", "slug": "jasper-place-branch"}}, {"pk": 64, "model": "taggit.tag", "fields": {"name": " opened", "slug": "opened"}}, {"pk": 65, "model": "taggit.tag", "fields": {"name": " Coburn", "slug": "coburn"}}, {"pk": 66, "model": "taggit.tag", "fields": {"name": " community funded", "slug": "community-funded"}}, {"pk": 67, "model": "taggit.tag", "fields": {"name": "Highlands Branch", "slug": "highlands-branch"}}, {"pk": 68, "model": "taggit.tag", "fields": {"name": " temporarily", "slug": "temporarily"}}, {"pk": 69, "model": "taggit.tag", "fields": {"name": " storefront", "slug": "storefront"}}, {"pk": 70, "model": "taggit.tag", "fields": {"name": " new location", "slug": "new-location"}}, {"pk": 71, "model": "taggit.tag", "fields": {"name": " Little House Library", "slug": "little-house-library"}}, {"pk": 72, "model": "taggit.tag", "fields": {"name": "Calder", "slug": "calder"}}, {"pk": 73, "model": "taggit.tag", "fields": {"name": " temporary location", "slug": "temporary-location"}}, {"pk": 74, "model": "taggit.tag", "fields": {"name": " strip mall", "slug": "strip-mall"}}, {"pk": 75, "model": "taggit.tag", "fields": {"name": " Kensinton Shopping Centre", "slug": "kensinton-shopping-centre"}}, {"pk": 76, "model": "taggit.tag", "fields": {"name": "Capilano", "slug": "capilano"}}, {"pk": 77, "model": "taggit.tag", "fields": {"name": " open inside a mall", "slug": "open-inside-a-mall"}}, {"pk": 78, "model": "taggit.tag", "fields": {"name": "Southgate Branch", "slug": "southgate-branch"}}, {"pk": 79, "model": "taggit.tag", "fields": {"name": " underground", "slug": "underground"}}, {"pk": 80, "model": "taggit.tag", "fields": {"name": " mall", "slug": "mall"}}, {"pk": 81, "model": "taggit.tag", "fields": {"name": "Castle Downs Branch", "slug": "castle-downs-branch"}}, {"pk": 82, "model": "taggit.tag", "fields": {"name": " Blatchford Field", "slug": "blatchford-field"}}, {"pk": 83, "model": "taggit.tag", "fields": {"name": " knights", "slug": "knights"}}, {"pk": 84, "model": "taggit.tag", "fields": {"name": " armor", "slug": "armor"}}, {"pk": 85, "model": "taggit.tag", "fields": {"name": " sword", "slug": "sword"}}, {"pk": 86, "model": "taggit.tag", "fields": {"name": " lollipop", "slug": "lollipop"}}, {"pk": 87, "model": "taggit.tag", "fields": {"name": "architectural success", "slug": "architectural-success"}}, {"pk": 88, "model": "taggit.tag", "fields": {"name": " Strathcona Library", "slug": "strathcona-library"}}, {"pk": 89, "model": "taggit.tag", "fields": {"name": " reopened", "slug": "reopened"}}, {"pk": 90, "model": "taggit.tag", "fields": {"name": " 1985", "slug": "1985"}}, {"pk": 91, "model": "taggit.tag", "fields": {"name": " protected", "slug": "protected"}}, {"pk": 92, "model": "taggit.tag", "fields": {"name": " heritage building", "slug": "heritage-building"}}, {"pk": 93, "model": "taggit.tag", "fields": {"name": "flawed location", "slug": "flawed-location"}}, {"pk": 94, "model": "taggit.tag", "fields": {"name": " Mill Woods branch", "slug": "mill-woods-branch"}}, {"pk": 95, "model": "taggit.tag", "fields": {"name": " Mill Woods Ton Centre", "slug": "mill-woods-ton-centre"}}, {"pk": 96, "model": "taggit.tag", "fields": {"name": " shopping mall", "slug": "shopping-mall"}}, {"pk": 97, "model": "taggit.tag", "fields": {"name": "major renovation", "slug": "major-renovation"}}, {"pk": 98, "model": "taggit.tag", "fields": {"name": " Jasper Place Branch", "slug": "jasper-place-branch_1"}}, {"pk": 99, "model": "taggit.tag", "fields": {"name": "Lessard Branch", "slug": "lessard-branch"}}, {"pk": 100, "model": "taggit.tag", "fields": {"name": " west end", "slug": "west-end"}}, {"pk": 101, "model": "taggit.tag", "fields": {"name": "Southgate mall", "slug": "southgate-mall"}}, {"pk": 102, "model": "taggit.tag", "fields": {"name": " Whitemud Crossing", "slug": "whitemud-crossing"}}, {"pk": 103, "model": "taggit.tag", "fields": {"name": " expanded", "slug": "expanded"}}, {"pk": 104, "model": "taggit.tag", "fields": {"name": " gardens", "slug": "gardens"}}, {"pk": 105, "model": "taggit.tag", "fields": {"name": " restored", "slug": "restored"}}, {"pk": 106, "model": "taggit.tag", "fields": {"name": " upstairs auditorium", "slug": "upstairs-auditorium"}}, {"pk": 107, "model": "taggit.tag", "fields": {"name": " Fringe venue", "slug": "fringe-venue"}}, {"pk": 108, "model": "taggit.tag", "fields": {"name": " closed", "slug": "closed"}}, {"pk": 109, "model": "taggit.tag", "fields": {"name": " Lois Hole Library", "slug": "lois-hole-library"}}, {"pk": 110, "model": "taggit.tag", "fields": {"name": " Collingwood", "slug": "collingwood"}}, {"pk": 111, "model": "taggit.tag", "fields": {"name": "Edmonton architect", "slug": "edmonton-architect"}}, {"pk": 112, "model": "taggit.tag", "fields": {"name": " Gene Dub", "slug": "gene-dub"}}, {"pk": 113, "model": "taggit.tag", "fields": {"name": " Vancouver", "slug": "vancouver"}}, {"pk": 114, "model": "taggit.tag", "fields": {"name": " Hughes Condon Marler", "slug": "hughes-condon-marler"}}, {"pk": 115, "model": "taggit.tag", "fields": {"name": " design", "slug": "design"}}, {"pk": 116, "model": "taggit.tag", "fields": {"name": " new Jasper Place Branch", "slug": "new-jasper-place-branch"}}, {"pk": 117, "model": "taggit.tag", "fields": {"name": " demolished", "slug": "demolished"}}, {"pk": 118, "model": "taggit.tag", "fields": {"name": " torn down", "slug": "torn-down"}}, {"pk": 119, "model": "taggit.tag", "fields": {"name": " two-storey structure", "slug": "two-storey-structure"}}, {"pk": 120, "model": "taggit.tag", "fields": {"name": " new building", "slug": "new-building"}}, {"pk": 121, "model": "taggit.tag", "fields": {"name": "World War II", "slug": "world-war-ii_1"}}, {"pk": 122, "model": "taggit.tag", "fields": {"name": "Dancing", "slug": "dancing_1"}}, {"pk": 123, "model": "taggit.tag", "fields": {"name": "Alberta", "slug": "alberta_1"}}, {"pk": 124, "model": "taggit.tag", "fields": {"name": "Politics", "slug": "politics_1"}}, {"pk": 125, "model": "taggit.tag", "fields": {"name": "bookmobile", "slug": "bookmobile"}}, {"pk": 126, "model": "taggit.tag", "fields": {"name": "steet", "slug": "steet"}}, {"pk": 127, "model": "taggit.tag", "fields": {"name": "car", "slug": "car"}}, {"pk": 1, "model": "taggit.taggeditem", "fields": {"tag": 1, "content_type": 11, "object_id": 2}}, {"pk": 2, "model": "taggit.taggeditem", "fields": {"tag": 2, "content_type": 11, "object_id": 2}}, {"pk": 3, "model": "taggit.taggeditem", "fields": {"tag": 3, "content_type": 11, "object_id": 2}}, {"pk": 4, "model": "taggit.taggeditem", "fields": {"tag": 1, "content_type": 11, "object_id": 3}}, {"pk": 5, "model": "taggit.taggeditem", "fields": {"tag": 2, "content_type": 11, "object_id": 3}}, {"pk": 6, "model": "taggit.taggeditem", "fields": {"tag": 3, "content_type": 11, "object_id": 3}}, {"pk": 7, "model": "taggit.taggeditem", "fields": {"tag": 1, "content_type": 11, "object_id": 4}}, {"pk": 8, "model": "taggit.taggeditem", "fields": {"tag": 2, "content_type": 11, "object_id": 4}}, {"pk": 9, "model": "taggit.taggeditem", "fields": {"tag": 3, "content_type": 11, "object_id": 4}}, {"pk": 10, "model": "taggit.taggeditem", "fields": {"tag": 1, "content_type": 11, "object_id": 5}}, {"pk": 11, "model": "taggit.taggeditem", "fields": {"tag": 2, "content_type": 11, "object_id": 5}}, {"pk": 12, "model": "taggit.taggeditem", "fields": {"tag": 3, "content_type": 11, "object_id": 5}}, {"pk": 13, "model": "taggit.taggeditem", "fields": {"tag": 1, "content_type": 11, "object_id": 6}}, {"pk": 14, "model": "taggit.taggeditem", "fields": {"tag": 2, "content_type": 11, "object_id": 6}}, {"pk": 15, "model": "taggit.taggeditem", "fields": {"tag": 3, "content_type": 11, "object_id": 6}}, {"pk": 16, "model": "taggit.taggeditem", "fields": {"tag": 1, "content_type": 11, "object_id": 7}}, {"pk": 17, "model": "taggit.taggeditem", "fields": {"tag": 2, "content_type": 11, "object_id": 7}}, {"pk": 18, "model": "taggit.taggeditem", "fields": {"tag": 3, "content_type": 11, "object_id": 7}}, {"pk": 19, "model": "taggit.taggeditem", "fields": {"tag": 1, "content_type": 11, "object_id": 8}}, {"pk": 20, "model": "taggit.taggeditem", "fields": {"tag": 2, "content_type": 11, "object_id": 8}}, {"pk": 21, "model": "taggit.taggeditem", "fields": {"tag": 3, "content_type": 11, "object_id": 8}}, {"pk": 22, "model": "taggit.taggeditem", "fields": {"tag": 1, "content_type": 11, "object_id": 9}}, {"pk": 23, "model": "taggit.taggeditem", "fields": {"tag": 2, "content_type": 11, "object_id": 9}}, {"pk": 24, "model": "taggit.taggeditem", "fields": {"tag": 3, "content_type": 11, "object_id": 9}}, {"pk": 25, "model": "taggit.taggeditem", "fields": {"tag": 1, "content_type": 11, "object_id": 10}}, {"pk": 26, "model": "taggit.taggeditem", "fields": {"tag": 2, "content_type": 11, "object_id": 10}}, {"pk": 27, "model": "taggit.taggeditem", "fields": {"tag": 3, "content_type": 11, "object_id": 10}}, {"pk": 28, "model": "taggit.taggeditem", "fields": {"tag": 1, "content_type": 11, "object_id": 11}}, {"pk": 29, "model": "taggit.taggeditem", "fields": {"tag": 2, "content_type": 11, "object_id": 11}}, {"pk": 30, "model": "taggit.taggeditem", "fields": {"tag": 3, "content_type": 11, "object_id": 11}}, {"pk": 31, "model": "taggit.taggeditem", "fields": {"tag": 1, "content_type": 11, "object_id": 12}}, {"pk": 32, "model": "taggit.taggeditem", "fields": {"tag": 2, "content_type": 11, "object_id": 12}}, {"pk": 33, "model": "taggit.taggeditem", "fields": {"tag": 3, "content_type": 11, "object_id": 12}}, {"pk": 40, "model": "taggit.taggeditem", "fields": {"tag": 9, "content_type": 11, "object_id": 15}}, {"pk": 41, "model": "taggit.taggeditem", "fields": {"tag": 10, "content_type": 11, "object_id": 15}}, {"pk": 42, "model": "taggit.taggeditem", "fields": {"tag": 11, "content_type": 11, "object_id": 15}}, {"pk": 43, "model": "taggit.taggeditem", "fields": {"tag": 12, "content_type": 11, "object_id": 16}}, {"pk": 44, "model": "taggit.taggeditem", "fields": {"tag": 13, "content_type": 11, "object_id": 16}}, {"pk": 45, "model": "taggit.taggeditem", "fields": {"tag": 12, "content_type": 11, "object_id": 17}}, {"pk": 46, "model": "taggit.taggeditem", "fields": {"tag": 14, "content_type": 11, "object_id": 17}}, {"pk": 47, "model": "taggit.taggeditem", "fields": {"tag": 12, "content_type": 11, "object_id": 18}}, {"pk": 48, "model": "taggit.taggeditem", "fields": {"tag": 15, "content_type": 11, "object_id": 18}}, {"pk": 49, "model": "taggit.taggeditem", "fields": {"tag": 16, "content_type": 11, "object_id": 18}}, {"pk": 50, "model": "taggit.taggeditem", "fields": {"tag": 17, "content_type": 11, "object_id": 18}}, {"pk": 51, "model": "taggit.taggeditem", "fields": {"tag": 18, "content_type": 11, "object_id": 18}}, {"pk": 52, "model": "taggit.taggeditem", "fields": {"tag": 19, "content_type": 11, "object_id": 19}}, {"pk": 53, "model": "taggit.taggeditem", "fields": {"tag": 20, "content_type": 11, "object_id": 19}}, {"pk": 54, "model": "taggit.taggeditem", "fields": {"tag": 21, "content_type": 11, "object_id": 20}}, {"pk": 55, "model": "taggit.taggeditem", "fields": {"tag": 22, "content_type": 11, "object_id": 20}}, {"pk": 56, "model": "taggit.taggeditem", "fields": {"tag": 23, "content_type": 11, "object_id": 20}}, {"pk": 57, "model": "taggit.taggeditem", "fields": {"tag": 24, "content_type": 11, "object_id": 20}}, {"pk": 58, "model": "taggit.taggeditem", "fields": {"tag": 25, "content_type": 11, "object_id": 20}}, {"pk": 59, "model": "taggit.taggeditem", "fields": {"tag": 26, "content_type": 11, "object_id": 20}}, {"pk": 60, "model": "taggit.taggeditem", "fields": {"tag": 27, "content_type": 11, "object_id": 20}}, {"pk": 61, "model": "taggit.taggeditem", "fields": {"tag": 28, "content_type": 11, "object_id": 20}}, {"pk": 62, "model": "taggit.taggeditem", "fields": {"tag": 29, "content_type": 11, "object_id": 20}}, {"pk": 63, "model": "taggit.taggeditem", "fields": {"tag": 30, "content_type": 11, "object_id": 20}}, {"pk": 64, "model": "taggit.taggeditem", "fields": {"tag": 31, "content_type": 11, "object_id": 20}}, {"pk": 65, "model": "taggit.taggeditem", "fields": {"tag": 12, "content_type": 11, "object_id": 21}}, {"pk": 66, "model": "taggit.taggeditem", "fields": {"tag": 32, "content_type": 11, "object_id": 21}}, {"pk": 67, "model": "taggit.taggeditem", "fields": {"tag": 33, "content_type": 11, "object_id": 21}}, {"pk": 68, "model": "taggit.taggeditem", "fields": {"tag": 34, "content_type": 11, "object_id": 21}}, {"pk": 69, "model": "taggit.taggeditem", "fields": {"tag": 35, "content_type": 11, "object_id": 22}}, {"pk": 70, "model": "taggit.taggeditem", "fields": {"tag": 36, "content_type": 11, "object_id": 22}}, {"pk": 71, "model": "taggit.taggeditem", "fields": {"tag": 37, "content_type": 11, "object_id": 22}}, {"pk": 72, "model": "taggit.taggeditem", "fields": {"tag": 38, "content_type": 11, "object_id": 22}}, {"pk": 73, "model": "taggit.taggeditem", "fields": {"tag": 39, "content_type": 11, "object_id": 23}}, {"pk": 74, "model": "taggit.taggeditem", "fields": {"tag": 40, "content_type": 11, "object_id": 23}}, {"pk": 75, "model": "taggit.taggeditem", "fields": {"tag": 41, "content_type": 11, "object_id": 23}}, {"pk": 76, "model": "taggit.taggeditem", "fields": {"tag": 42, "content_type": 11, "object_id": 23}}, {"pk": 77, "model": "taggit.taggeditem", "fields": {"tag": 43, "content_type": 11, "object_id": 23}}, {"pk": 78, "model": "taggit.taggeditem", "fields": {"tag": 35, "content_type": 11, "object_id": 24}}, {"pk": 79, "model": "taggit.taggeditem", "fields": {"tag": 44, "content_type": 11, "object_id": 24}}, {"pk": 80, "model": "taggit.taggeditem", "fields": {"tag": 45, "content_type": 11, "object_id": 24}}, {"pk": 81, "model": "taggit.taggeditem", "fields": {"tag": 46, "content_type": 11, "object_id": 24}}, {"pk": 82, "model": "taggit.taggeditem", "fields": {"tag": 47, "content_type": 11, "object_id": 25}}, {"pk": 83, "model": "taggit.taggeditem", "fields": {"tag": 48, "content_type": 11, "object_id": 25}}, {"pk": 84, "model": "taggit.taggeditem", "fields": {"tag": 49, "content_type": 11, "object_id": 25}}, {"pk": 85, "model": "taggit.taggeditem", "fields": {"tag": 50, "content_type": 11, "object_id": 25}}, {"pk": 86, "model": "taggit.taggeditem", "fields": {"tag": 51, "content_type": 11, "object_id": 25}}, {"pk": 87, "model": "taggit.taggeditem", "fields": {"tag": 52, "content_type": 11, "object_id": 26}}, {"pk": 88, "model": "taggit.taggeditem", "fields": {"tag": 53, "content_type": 11, "object_id": 26}}, {"pk": 89, "model": "taggit.taggeditem", "fields": {"tag": 14, "content_type": 11, "object_id": 26}}, {"pk": 90, "model": "taggit.taggeditem", "fields": {"tag": 54, "content_type": 11, "object_id": 26}}, {"pk": 91, "model": "taggit.taggeditem", "fields": {"tag": 55, "content_type": 11, "object_id": 26}}, {"pk": 92, "model": "taggit.taggeditem", "fields": {"tag": 52, "content_type": 11, "object_id": 27}}, {"pk": 93, "model": "taggit.taggeditem", "fields": {"tag": 56, "content_type": 11, "object_id": 27}}, {"pk": 94, "model": "taggit.taggeditem", "fields": {"tag": 57, "content_type": 11, "object_id": 27}}, {"pk": 95, "model": "taggit.taggeditem", "fields": {"tag": 58, "content_type": 11, "object_id": 27}}, {"pk": 96, "model": "taggit.taggeditem", "fields": {"tag": 59, "content_type": 11, "object_id": 27}}, {"pk": 97, "model": "taggit.taggeditem", "fields": {"tag": 60, "content_type": 11, "object_id": 27}}, {"pk": 98, "model": "taggit.taggeditem", "fields": {"tag": 52, "content_type": 11, "object_id": 28}}, {"pk": 99, "model": "taggit.taggeditem", "fields": {"tag": 61, "content_type": 11, "object_id": 28}}, {"pk": 100, "model": "taggit.taggeditem", "fields": {"tag": 62, "content_type": 11, "object_id": 28}}, {"pk": 101, "model": "taggit.taggeditem", "fields": {"tag": 63, "content_type": 11, "object_id": 29}}, {"pk": 102, "model": "taggit.taggeditem", "fields": {"tag": 64, "content_type": 11, "object_id": 29}}, {"pk": 103, "model": "taggit.taggeditem", "fields": {"tag": 65, "content_type": 11, "object_id": 29}}, {"pk": 104, "model": "taggit.taggeditem", "fields": {"tag": 66, "content_type": 11, "object_id": 29}}, {"pk": 105, "model": "taggit.taggeditem", "fields": {"tag": 67, "content_type": 11, "object_id": 30}}, {"pk": 106, "model": "taggit.taggeditem", "fields": {"tag": 64, "content_type": 11, "object_id": 30}}, {"pk": 107, "model": "taggit.taggeditem", "fields": {"tag": 68, "content_type": 11, "object_id": 30}}, {"pk": 108, "model": "taggit.taggeditem", "fields": {"tag": 69, "content_type": 11, "object_id": 30}}, {"pk": 109, "model": "taggit.taggeditem", "fields": {"tag": 67, "content_type": 11, "object_id": 31}}, {"pk": 110, "model": "taggit.taggeditem", "fields": {"tag": 64, "content_type": 11, "object_id": 31}}, {"pk": 111, "model": "taggit.taggeditem", "fields": {"tag": 70, "content_type": 11, "object_id": 31}}, {"pk": 112, "model": "taggit.taggeditem", "fields": {"tag": 71, "content_type": 11, "object_id": 31}}, {"pk": 113, "model": "taggit.taggeditem", "fields": {"tag": 67, "content_type": 11, "object_id": 32}}, {"pk": 114, "model": "taggit.taggeditem", "fields": {"tag": 64, "content_type": 11, "object_id": 32}}, {"pk": 115, "model": "taggit.taggeditem", "fields": {"tag": 70, "content_type": 11, "object_id": 32}}, {"pk": 116, "model": "taggit.taggeditem", "fields": {"tag": 72, "content_type": 11, "object_id": 33}}, {"pk": 117, "model": "taggit.taggeditem", "fields": {"tag": 64, "content_type": 11, "object_id": 33}}, {"pk": 118, "model": "taggit.taggeditem", "fields": {"tag": 73, "content_type": 11, "object_id": 33}}, {"pk": 119, "model": "taggit.taggeditem", "fields": {"tag": 74, "content_type": 11, "object_id": 33}}, {"pk": 120, "model": "taggit.taggeditem", "fields": {"tag": 75, "content_type": 11, "object_id": 33}}, {"pk": 121, "model": "taggit.taggeditem", "fields": {"tag": 76, "content_type": 11, "object_id": 34}}, {"pk": 122, "model": "taggit.taggeditem", "fields": {"tag": 77, "content_type": 11, "object_id": 34}}, {"pk": 123, "model": "taggit.taggeditem", "fields": {"tag": 78, "content_type": 11, "object_id": 35}}, {"pk": 124, "model": "taggit.taggeditem", "fields": {"tag": 64, "content_type": 11, "object_id": 35}}, {"pk": 125, "model": "taggit.taggeditem", "fields": {"tag": 79, "content_type": 11, "object_id": 35}}, {"pk": 126, "model": "taggit.taggeditem", "fields": {"tag": 80, "content_type": 11, "object_id": 35}}, {"pk": 127, "model": "taggit.taggeditem", "fields": {"tag": 81, "content_type": 11, "object_id": 36}}, {"pk": 128, "model": "taggit.taggeditem", "fields": {"tag": 82, "content_type": 11, "object_id": 36}}, {"pk": 129, "model": "taggit.taggeditem", "fields": {"tag": 62, "content_type": 11, "object_id": 36}}, {"pk": 130, "model": "taggit.taggeditem", "fields": {"tag": 83, "content_type": 11, "object_id": 36}}, {"pk": 131, "model": "taggit.taggeditem", "fields": {"tag": 84, "content_type": 11, "object_id": 36}}, {"pk": 132, "model": "taggit.taggeditem", "fields": {"tag": 85, "content_type": 11, "object_id": 36}}, {"pk": 133, "model": "taggit.taggeditem", "fields": {"tag": 86, "content_type": 11, "object_id": 36}}, {"pk": 134, "model": "taggit.taggeditem", "fields": {"tag": 87, "content_type": 11, "object_id": 37}}, {"pk": 135, "model": "taggit.taggeditem", "fields": {"tag": 88, "content_type": 11, "object_id": 37}}, {"pk": 136, "model": "taggit.taggeditem", "fields": {"tag": 89, "content_type": 11, "object_id": 37}}, {"pk": 137, "model": "taggit.taggeditem", "fields": {"tag": 90, "content_type": 11, "object_id": 37}}, {"pk": 138, "model": "taggit.taggeditem", "fields": {"tag": 91, "content_type": 11, "object_id": 37}}, {"pk": 139, "model": "taggit.taggeditem", "fields": {"tag": 92, "content_type": 11, "object_id": 37}}, {"pk": 140, "model": "taggit.taggeditem", "fields": {"tag": 93, "content_type": 11, "object_id": 38}}, {"pk": 141, "model": "taggit.taggeditem", "fields": {"tag": 94, "content_type": 11, "object_id": 38}}, {"pk": 142, "model": "taggit.taggeditem", "fields": {"tag": 61, "content_type": 11, "object_id": 38}}, {"pk": 143, "model": "taggit.taggeditem", "fields": {"tag": 95, "content_type": 11, "object_id": 38}}, {"pk": 144, "model": "taggit.taggeditem", "fields": {"tag": 96, "content_type": 11, "object_id": 38}}, {"pk": 145, "model": "taggit.taggeditem", "fields": {"tag": 97, "content_type": 11, "object_id": 39}}, {"pk": 146, "model": "taggit.taggeditem", "fields": {"tag": 98, "content_type": 11, "object_id": 39}}, {"pk": 147, "model": "taggit.taggeditem", "fields": {"tag": 72, "content_type": 11, "object_id": 40}}, {"pk": 148, "model": "taggit.taggeditem", "fields": {"tag": 61, "content_type": 11, "object_id": 40}}, {"pk": 149, "model": "taggit.taggeditem", "fields": {"tag": 99, "content_type": 11, "object_id": 41}}, {"pk": 150, "model": "taggit.taggeditem", "fields": {"tag": 64, "content_type": 11, "object_id": 41}}, {"pk": 151, "model": "taggit.taggeditem", "fields": {"tag": 100, "content_type": 11, "object_id": 41}}, {"pk": 152, "model": "taggit.taggeditem", "fields": {"tag": 101, "content_type": 11, "object_id": 42}}, {"pk": 153, "model": "taggit.taggeditem", "fields": {"tag": 61, "content_type": 11, "object_id": 42}}, {"pk": 154, "model": "taggit.taggeditem", "fields": {"tag": 102, "content_type": 11, "object_id": 42}}, {"pk": 155, "model": "taggit.taggeditem", "fields": {"tag": 35, "content_type": 11, "object_id": 43}}, {"pk": 156, "model": "taggit.taggeditem", "fields": {"tag": 103, "content_type": 11, "object_id": 43}}, {"pk": 157, "model": "taggit.taggeditem", "fields": {"tag": 104, "content_type": 11, "object_id": 43}}, {"pk": 158, "model": "taggit.taggeditem", "fields": {"tag": 105, "content_type": 11, "object_id": 43}}, {"pk": 159, "model": "taggit.taggeditem", "fields": {"tag": 106, "content_type": 11, "object_id": 43}}, {"pk": 160, "model": "taggit.taggeditem", "fields": {"tag": 107, "content_type": 11, "object_id": 43}}, {"pk": 161, "model": "taggit.taggeditem", "fields": {"tag": 99, "content_type": 11, "object_id": 44}}, {"pk": 162, "model": "taggit.taggeditem", "fields": {"tag": 108, "content_type": 11, "object_id": 44}}, {"pk": 163, "model": "taggit.taggeditem", "fields": {"tag": 109, "content_type": 11, "object_id": 44}}, {"pk": 164, "model": "taggit.taggeditem", "fields": {"tag": 64, "content_type": 11, "object_id": 44}}, {"pk": 165, "model": "taggit.taggeditem", "fields": {"tag": 110, "content_type": 11, "object_id": 44}}, {"pk": 166, "model": "taggit.taggeditem", "fields": {"tag": 111, "content_type": 11, "object_id": 45}}, {"pk": 167, "model": "taggit.taggeditem", "fields": {"tag": 112, "content_type": 11, "object_id": 45}}, {"pk": 168, "model": "taggit.taggeditem", "fields": {"tag": 113, "content_type": 11, "object_id": 45}}, {"pk": 169, "model": "taggit.taggeditem", "fields": {"tag": 114, "content_type": 11, "object_id": 45}}, {"pk": 170, "model": "taggit.taggeditem", "fields": {"tag": 115, "content_type": 11, "object_id": 45}}, {"pk": 171, "model": "taggit.taggeditem", "fields": {"tag": 116, "content_type": 11, "object_id": 45}}, {"pk": 172, "model": "taggit.taggeditem", "fields": {"tag": 63, "content_type": 11, "object_id": 46}}, {"pk": 173, "model": "taggit.taggeditem", "fields": {"tag": 117, "content_type": 11, "object_id": 46}}, {"pk": 174, "model": "taggit.taggeditem", "fields": {"tag": 67, "content_type": 11, "object_id": 47}}, {"pk": 175, "model": "taggit.taggeditem", "fields": {"tag": 118, "content_type": 11, "object_id": 47}}, {"pk": 176, "model": "taggit.taggeditem", "fields": {"tag": 119, "content_type": 11, "object_id": 47}}, {"pk": 177, "model": "taggit.taggeditem", "fields": {"tag": 63, "content_type": 11, "object_id": 48}}, {"pk": 178, "model": "taggit.taggeditem", "fields": {"tag": 120, "content_type": 11, "object_id": 48}}, {"pk": 179, "model": "taggit.taggeditem", "fields": {"tag": 64, "content_type": 11, "object_id": 48}}, {"pk": 180, "model": "taggit.taggeditem", "fields": {"tag": 121, "content_type": 11, "object_id": 13}}, {"pk": 181, "model": "taggit.taggeditem", "fields": {"tag": 122, "content_type": 11, "object_id": 13}}, {"pk": 182, "model": "taggit.taggeditem", "fields": {"tag": 4, "content_type": 11, "object_id": 13}}, {"pk": 183, "model": "taggit.taggeditem", "fields": {"tag": 124, "content_type": 11, "object_id": 14}}, {"pk": 184, "model": "taggit.taggeditem", "fields": {"tag": 123, "content_type": 11, "object_id": 14}}, {"pk": 185, "model": "taggit.taggeditem", "fields": {"tag": 4, "content_type": 11, "object_id": 14}}, {"pk": 186, "model": "taggit.taggeditem", "fields": {"tag": 125, "content_type": 14, "object_id": 50}}, {"pk": 187, "model": "taggit.taggeditem", "fields": {"tag": 126, "content_type": 14, "object_id": 51}}, {"pk": 188, "model": "taggit.taggeditem", "fields": {"tag": 127, "content_type": 14, "object_id": 51}}, {"pk": 1, "model": "hyquest.questset", "fields": {"description": "Take some time to visit branches old and new!", "title": "A Trip Around Edmonton", "depends_on": null, "featured": false, "points": 200, "active": true}}, {"pk": 2, "model": "hyquest.questset", "fields": {"description": "This quest isn't done, and shouldn't be shown", "title": "Unactive Quest 1", "depends_on": null, "featured": false, "points": 10, "active": false}}, {"pk": 3, "model": "hyquest.questset", "fields": {"description": "EPL sure is awesome", "title": "EPL Is Awesome (Featured)", "depends_on": null, "featured": true, "points": 1000, "active": true}}, {"pk": 4, "model": "hyquest.questset", "fields": {"description": "second", "title": "Quest Progression 1", "depends_on": 1, "featured": false, "points": 50, "active": true}}, {"pk": 5, "model": "hyquest.questset", "fields": {"description": "third thing", "title": "Quest Progression 2", "depends_on": 4, "featured": false, "points": 50, "active": true}}, {"pk": 6, "model": "hyquest.questset", "fields": {"description": "fourth", "title": "Quest Progression 3", "depends_on": 5, "featured": false, "points": 5, "active": true}}, {"pk": 7, "model": "hyquest.questset", "fields": {"description": "fifth", "title": "Quest Progression 4", "depends_on": 6, "featured": false, "points": 50, "active": true}}, {"pk": 8, "model": "hyquest.questset", "fields": {"description": "sixth", "title": "Quest Progression 5", "depends_on": 7, "featured": false, "points": 50, "active": true}}, {"pk": 9, "model": "hyquest.questset", "fields": {"description": "This is Featured because it's awesome! And man is it awesome. It's so awesome that you should do it right now. Because it's awesome.", "title": "Second Featured Quest", "depends_on": 3, "featured": true, "points": 5000, "active": true}}, {"pk": 1, "model": "hyquest.quest", "fields": {"points": 40, "quest_set": 1, "title": "Something old..."}}, {"pk": 2, "model": "hyquest.quest", "fields": {"points": 100, "quest_set": 1, "title": "And something new"}}, {"pk": 3, "model": "hyquest.quest", "fields": {"points": 10, "quest_set": 3, "title": "Awesome Quest 1"}}, {"pk": 4, "model": "hyquest.quest", "fields": {"points": 10, "quest_set": 3, "title": "Awesome Quest 2"}}, {"pk": 5, "model": "hyquest.quest", "fields": {"points": 10, "quest_set": 4, "title": "1 thing to do!"}}, {"pk": 6, "model": "hyquest.quest", "fields": {"points": 5, "quest_set": 5, "title": "Do it..."}}, {"pk": 7, "model": "hyquest.quest", "fields": {"points": 5, "quest_set": 5, "title": "Just do it..."}}, {"pk": 8, "model": "hyquest.quest", "fields": {"points": 5, "quest_set": 6, "title": "Codes"}}, {"pk": 9, "model": "hyquest.quest", "fields": {"points": 5, "quest_set": 7, "title": "QuestFun"}}, {"pk": 10, "model": "hyquest.quest", "fields": {"points": 5, "quest_set": 8, "title": "woohoo"}}, {"pk": 11, "model": "hyquest.quest", "fields": {"points": 50, "quest_set": 9, "title": "Pure Awesomeness"}}, {"pk": 1, "model": "hyquest.task", "fields": {"quest": 1, "points": 10, "type": 2, "taskinfo": "", "title": "Visit the old location of the Dickensfield branch"}}, {"pk": 2, "model": "hyquest.task", "fields": {"quest": 1, "points": 10, "type": 3, "taskinfo": "branch=5;maxYear=1980;onMap=False;", "title": "Find out where Dickensfield moved to on the TimeMap!"}}, {"pk": 3, "model": "hyquest.task", "fields": {"quest": 2, "points": 20, "type": 0, "taskinfo": "branch=11;", "title": "Visit on the TimeMap our Newest Branch"}}, {"pk": 4, "model": "hyquest.task", "fields": {"quest": 3, "points": 10, "type": 3, "taskinfo": "onMap=True;", "title": "Visit the timemap"}}, {"pk": 5, "model": "hyquest.task", "fields": {"quest": 4, "points": 10, "type": 2, "taskinfo": "", "title": "Find an impossible-to-find code!"}}, {"pk": 6, "model": "hyquest.task", "fields": {"quest": 5, "points": 10, "type": 1, "taskinfo": "story=26", "title": "Share"}}, {"pk": 7, "model": "hyquest.task", "fields": {"quest": 6, "points": 5, "type": 2, "taskinfo": "", "title": "Codes!"}}, {"pk": 8, "model": "hyquest.task", "fields": {"quest": 7, "points": 5, "type": 3, "taskinfo": "onMap=False;", "title": "Timemap story"}}, {"pk": 9, "model": "hyquest.task", "fields": {"quest": 8, "points": 5, "type": 2, "taskinfo": "", "title": "codes"}}, {"pk": 10, "model": "hyquest.task", "fields": {"quest": 9, "points": 5, "type": 0, "taskinfo": "action=rating;format=BK;", "title": "Share"}}, {"pk": 11, "model": "hyquest.task", "fields": {"quest": 10, "points": 5, "type": 1, "taskinfo": "story=21", "title": "Share"}}, {"pk": 12, "model": "hyquest.task", "fields": {"quest": 11, "points": 0, "type": 2, "taskinfo": "", "title": "Enter an Awesome Code"}}, {"pk": 1, "model": "hyquest.taskcode", "fields": {"code": "9EQ06S7TUPZ1JHW5", "task": 1, "uses_remaining": 1}}, {"pk": 2, "model": "hyquest.taskcode", "fields": {"code": "80DFD49XYV8TZ5GJ", "task": 1, "uses_remaining": 1}}, {"pk": 3, "model": "hyquest.taskcode", "fields": {"code": "AVIK5-U0SG8", "task": 1, "uses_remaining": 1}}, {"pk": 4, "model": "hyquest.taskcode", "fields": {"code": "X8C1K-IH7EA", "task": 3, "uses_remaining": 1}}, {"pk": 5, "model": "hyquest.taskcode", "fields": {"code": "RFGSM-4VCVK", "task": 3, "uses_remaining": 1}}, {"pk": 6, "model": "hyquest.taskcode", "fields": {"code": "MCV1M-EKMQQ", "task": 3, "uses_remaining": 1}}, {"pk": 7, "model": "hyquest.taskcode", "fields": {"code": "QIR1V-XSZWE", "task": 3, "uses_remaining": 1}}, {"pk": 8, "model": "hyquest.taskcode", "fields": {"code": "SH3U9-TZ963", "task": 3, "uses_remaining": 1}}, {"pk": 9, "model": "hyquest.taskcode", "fields": {"code": "7AB45-RG6CE", "task": 3, "uses_remaining": 1}}, {"pk": 10, "model": "hyquest.taskcode", "fields": {"code": "K2TSC-IEUSY", "task": 3, "uses_remaining": 1}}, {"pk": 11, "model": "hyquest.taskcode", "fields": {"code": "VZIBX-SBLTE", "task": 3, "uses_remaining": 1}}, {"pk": 12, "model": "hyquest.taskcode", "fields": {"code": "5SKUK-WY8RW", "task": 3, "uses_remaining": 1}}, {"pk": 13, "model": "hyquest.taskcode", "fields": {"code": "ZQW7E-IGKUK", "task": 3, "uses_remaining": 1}}, {"pk": 1, "model": "hyquest.usertaskaction", "fields": {"completionTime": null, "task": 1, "user": 1, "beginTime": "2013-03-30", "complete": false}}, {"pk": 2, "model": "hyquest.usertaskaction", "fields": {"completionTime": null, "task": 2, "user": 1, "beginTime": "2013-03-30", "complete": false}}, {"pk": 5, "model": "hyquest.usertaskaction", "fields": {"completionTime": "2013-03-30", "task": 3, "user": 1, "beginTime": "2013-03-30", "complete": true}}, {"pk": 1, "model": "hyquest.userquestaction", "fields": {"completionTime": null, "quest": 1, "user": 1, "beginTime": "2013-03-30", "complete": false}}, {"pk": 2, "model": "hyquest.userquestaction", "fields": {"completionTime": "2013-03-30", "quest": 2, "user": 1, "beginTime": "2013-03-30", "complete": true}}, {"pk": 1, "model": "hyquest.userquestsetaction", "fields": {"beginTime": "2013-03-30", "completionTime": null, "user": 1, "questset": 1, "complete": false}}, {"pk": 1, "model": "hyquest.level", "fields": {"level_name": "1", "required_exp": 0}}, {"pk": 2, "model": "hyquest.level", "fields": {"level_name": "2", "required_exp": 100}}, {"pk": 3, "model": "hyquest.level", "fields": {"level_name": "3", "required_exp": 250}}, {"pk": 4, "model": "hyquest.level", "fields": {"level_name": "4", "required_exp": 500}}, {"pk": 5, "model": "hyquest.level", "fields": {"level_name": "5", "required_exp": 800}}, {"pk": 6, "model": "hyquest.level", "fields": {"level_name": "6", "required_exp": 1200}}, {"pk": 7, "model": "hyquest.level", "fields": {"level_name": "7", "required_exp": 1750}}, {"pk": 8, "model": "hyquest.level", "fields": {"level_name": "8", "required_exp": 2300}}, {"pk": 9, "model": "hyquest.level", "fields": {"level_name": "9", "required_exp": 3000}}, {"pk": 10, "model": "hyquest.level", "fields": {"level_name": "10", "required_exp": 5000}}, {"pk": 1, "model": "centennial.userprofile", "fields": {"phone_number": "", "points": 0, "facebook": "", "user": 1, "email_sent": true}}]