[{"pk": 1, "model": "hyquest.questset", "fields": {"description": "Take some time to visit branches old and new!", "title": "A Trip Around Edmonton", "depends_on": null, "featured": false, "points": 200, "active": true}}, {"pk": 2, "model": "hyquest.questset", "fields": {"description": "This quest isn't done, and shouldn't be shown", "title": "Unactive Quest 1", "depends_on": null, "featured": false, "points": 10, "active": false}}, {"pk": 3, "model": "hyquest.questset", "fields": {"description": "EPL sure is awesome", "title": "EPL Is Awesome (Featured)", "depends_on": null, "featured": true, "points": 1000, "active": true}}, {"pk": 4, "model": "hyquest.questset", "fields": {"description": "second", "title": "Quest Progression 1", "depends_on": 1, "featured": false, "points": 50, "active": true}}, {"pk": 5, "model": "hyquest.questset", "fields": {"description": "third thing", "title": "Quest Progression 2", "depends_on": 4, "featured": false, "points": 50, "active": true}}, {"pk": 6, "model": "hyquest.questset", "fields": {"description": "fourth", "title": "Quest Progression 3", "depends_on": 5, "featured": false, "points": 5, "active": true}}, {"pk": 7, "model": "hyquest.questset", "fields": {"description": "fifth", "title": "Quest Progression 4", "depends_on": 6, "featured": false, "points": 50, "active": true}}, {"pk": 8, "model": "hyquest.questset", "fields": {"description": "sixth", "title": "Quest Progression 5", "depends_on": 7, "featured": false, "points": 50, "active": true}}, {"pk": 9, "model": "hyquest.questset", "fields": {"description": "This is Featured because it's awesome! And man is it awesome. It's so awesome that you should do it right now. Because it's awesome.", "title": "Second Featured Quest", "depends_on": 3, "featured": true, "points": 5000, "active": true}}, {"pk": 1, "model": "hyquest.quest", "fields": {"points": 40, "quest_set": 1, "title": "Something old..."}}, {"pk": 2, "model": "hyquest.quest", "fields": {"points": 100, "quest_set": 1, "title": "And something new"}}, {"pk": 3, "model": "hyquest.quest", "fields": {"points": 10, "quest_set": 3, "title": "Awesome Quest 1"}}, {"pk": 4, "model": "hyquest.quest", "fields": {"points": 10, "quest_set": 3, "title": "Awesome Quest 2"}}, {"pk": 5, "model": "hyquest.quest", "fields": {"points": 10, "quest_set": 4, "title": "1 thing to do!"}}, {"pk": 6, "model": "hyquest.quest", "fields": {"points": 5, "quest_set": 5, "title": "Do it..."}}, {"pk": 7, "model": "hyquest.quest", "fields": {"points": 5, "quest_set": 5, "title": "Just do it..."}}, {"pk": 8, "model": "hyquest.quest", "fields": {"points": 5, "quest_set": 6, "title": "Codes"}}, {"pk": 9, "model": "hyquest.quest", "fields": {"points": 5, "quest_set": 7, "title": "QuestFun"}}, {"pk": 10, "model": "hyquest.quest", "fields": {"points": 5, "quest_set": 8, "title": "woohoo"}}, {"pk": 11, "model": "hyquest.quest", "fields": {"points": 50, "quest_set": 9, "title": "Pure Awesomeness"}}, {"pk": 1, "model": "hyquest.task", "fields": {"quest": 1, "points": 10, "type": 2, "taskinfo": "", "title": "Visit the old location of the Dickensfield branch"}}, {"pk": 2, "model": "hyquest.task", "fields": {"quest": 1, "points": 10, "type": 3, "taskinfo": "branch=5;maxYear=1980;onMap=False;", "title": "Find out where Dickensfield moved to on the TimeMap!"}}, {"pk": 3, "model": "hyquest.task", "fields": {"quest": 2, "points": 20, "type": 3, "taskinfo": "branch=11;", "title": "Visit on the TimeMap our Newest Branch"}}, {"pk": 4, "model": "hyquest.task", "fields": {"quest": 3, "points": 10, "type": 3, "taskinfo": "onMap=True;", "title": "Visit the timemap"}}, {"pk": 5, "model": "hyquest.task", "fields": {"quest": 4, "points": 10, "type": 2, "taskinfo": "", "title": "Find an impossible-to-find code!"}}, {"pk": 6, "model": "hyquest.task", "fields": {"quest": 5, "points": 10, "type": 1, "taskinfo": "story=26", "title": "Share"}}, {"pk": 7, "model": "hyquest.task", "fields": {"quest": 6, "points": 5, "type": 2, "taskinfo": "", "title": "Codes!"}}, {"pk": 8, "model": "hyquest.task", "fields": {"quest": 7, "points": 5, "type": 3, "taskinfo": "onMap=False;", "title": "Timemap story"}}, {"pk": 9, "model": "hyquest.task", "fields": {"quest": 8, "points": 5, "type": 2, "taskinfo": "", "title": "codes"}}, {"pk": 10, "model": "hyquest.task", "fields": {"quest": 9, "points": 5, "type": 0, "taskinfo": "action=rating;format=BK;", "title": "Share"}}, {"pk": 11, "model": "hyquest.task", "fields": {"quest": 10, "points": 5, "type": 1, "taskinfo": "story=21", "title": "Share"}}, {"pk": 12, "model": "hyquest.task", "fields": {"quest": 11, "points": 0, "type": 2, "taskinfo": "", "title": "Enter an Awesome Code"}}, {"pk": 1, "model": "hyquest.taskcode", "fields": {"code": "9EQ06S7TUPZ1JHW5", "task": 1, "uses_remaining": 1}}, {"pk": 2, "model": "hyquest.taskcode", "fields": {"code": "80DFD49XYV8TZ5GJ", "task": 1, "uses_remaining": 1}}, {"pk": 3, "model": "hyquest.taskcode", "fields": {"code": "AVIK5-U0SG8", "task": 1, "uses_remaining": 1}}, {"pk": 1, "model": "hyquest.usertaskaction", "fields": {"completionTime": null, "task": 1, "user": 1, "beginTime": "2013-03-30", "complete": false}}, {"pk": 2, "model": "hyquest.usertaskaction", "fields": {"completionTime": null, "task": 2, "user": 1, "beginTime": "2013-03-30", "complete": false}}, {"pk": 5, "model": "hyquest.usertaskaction", "fields": {"completionTime": "2013-03-30", "task": 3, "user": 1, "beginTime": "2013-03-30", "complete": true}}, {"pk": 1, "model": "hyquest.userquestaction", "fields": {"completionTime": null, "quest": 1, "user": 1, "beginTime": "2013-03-30", "complete": false}}, {"pk": 2, "model": "hyquest.userquestaction", "fields": {"completionTime": "2013-03-30", "quest": 2, "user": 1, "beginTime": "2013-03-30", "complete": true}}, {"pk": 1, "model": "hyquest.userquestsetaction", "fields": {"beginTime": "2013-03-30", "completionTime": null, "user": 1, "questset": 1, "complete": false}}, {"pk": 1, "model": "hyquest.level", "fields": {"level_name": "1", "required_exp": 0}}, {"pk": 2, "model": "hyquest.level", "fields": {"level_name": "2", "required_exp": 100}}, {"pk": 3, "model": "hyquest.level", "fields": {"level_name": "3", "required_exp": 250}}, {"pk": 4, "model": "hyquest.level", "fields": {"level_name": "4", "required_exp": 500}}, {"pk": 5, "model": "hyquest.level", "fields": {"level_name": "5", "required_exp": 800}}, {"pk": 6, "model": "hyquest.level", "fields": {"level_name": "6", "required_exp": 1200}}, {"pk": 7, "model": "hyquest.level", "fields": {"level_name": "7", "required_exp": 1750}}, {"pk": 8, "model": "hyquest.level", "fields": {"level_name": "8", "required_exp": 2300}}, {"pk": 9, "model": "hyquest.level", "fields": {"level_name": "9", "required_exp": 3000}}, {"pk": 10, "model": "hyquest.level", "fields": {"level_name": "10", "required_exp": 5000}}]